AppID,Timestamp Created,UserID,Language,PlayTimeTotal,ReviewID,Purchase,Recommended,ReviewText
2780710,1745584365,76561198346745810,schinese,663,193547910,true,true,"类似游戏里这是我体验最好的，碰撞无伤的设计玩起来十分畅快，喷漆和节点也足够有想法，希望加入更多的游戏内容，挑战难度和构筑bd"
2780710,1745503917,76561198083556385,schinese,1191,193481406,true,true,"很好玩，但是为什么地图那么少啊，第四张图最后我以为我一直被KO，结果发现是因为后面没图了"
2780710,1745499567,76561198311344061,schinese,674,193476947,true,false,"steamdeck 会自动闪退 不知道什么原因，一点提示都没有，开始游戏后 半分钟左右就闪退，试了好几次都这样，机子重启也是一样。玩不了了"
2780710,1745483629,76561198919546335,schinese,297,193464839,true,true,"游戏挺好玩的，可惜成就不是中文"
2780710,1745466296,76561198332080850,schinese,498,193453882,true,true,"进步空间很大"
2780710,1745459878,76561199477842154,schinese,2568,193449651,true,true,"很不错的产品，很好玩，有一定的难度不是无脑割草的游戏。"
2780710,1745426207,76561198798164999,schinese,233,193420483,true,false,"强度和bd成型过于随机，体会不到太多构筑的乐趣"
2780710,1745412232,76561199602104112,schinese,389,193406039,true,false,"不好玩，半成品就拿上来"
2780710,1745339545,76561199519976539,schinese,459,193346203,true,true,"1"
2780710,1745260472,76561199374621005,schinese,1928,193285992,true,true,"好玩，贼好玩，有种玩吸血鬼幸存者+网游的感觉"
2780710,1745260322,76561198862693111,schinese,356,193285808,true,false,"遇到个BUG 目前我战士11级 猎人4级 先知15级 但我的属性点只有先知有14点 战士和猎人属性点没了 重置也没用 等于我这个档战士和猎人废了 只能玩先知"
2780710,1745248766,76561198253125453,schinese,648,193272458,true,true,"爽刷，非常爽"
2780710,1745222373,76561198185491473,schinese,611,193248995,true,true,"游戏还挺有意思的 就是内容太少了 完全就是半成品"
2780710,1745205108,76561198138555129,schinese,1758,193236626,true,false,"内容太少了，"
2780710,1745179661,76561198110218223,schinese,407,193214337,true,false,"玩了5个小时，就合出一次超武。"
2780710,1745157191,76561198316236500,schinese,556,193187688,true,true,"睡前小游戏，好玩"
2780710,1745156752,76561198175265815,schinese,196,193187185,true,true,"hao"
2780710,1745148155,76561198446517856,schinese,1295,193178743,true,true,"好玩好玩 开发者也很看重中国玩家建议~"
2780710,1745145664,76561198862667971,schinese,341,193176520,true,false,"游戏对比吸血鬼本体完成度太低，亮点也就是局内有2种以上构筑方式，建议等多一段时间到游戏正式版再入。"
2780710,1745134514,76561198186660950,schinese,600,193166968,true,true,"[h1] 先给好评，玩着还不错，但完成度不高 [/h1]
BD成型不算难，玩着很爽,但是有些设计很不合理

1、目前可能是因为后面关卡还未设计完成，第4关之后就结束了，但是你[b] 为什么不让我打第4关的boss? WHY？目前的设计是第4关见到boss之后，人物直接死亡，但是没有任何提示！！！没有任何解释！！！ [/b]
这个设计我觉得非常不合理，你就是放个木桩在这我觉得都没问题，我初见还以为是触发了boss的秒杀机制，反复尝试最终得到结论就是不给打，这就太难受了，能见到boss本身就不容易，打到20分钟足够说明BD已经成型，结果这时候不让我爽了？？？

2、BD平衡性很弱，弱到完全没有玩其他流派的兴趣，目前火系是爷爷，物理是爹，其他的通通是孙子，然后[u] 巨人之牙+旋风劈斩= 炙热混沌之刃 [/u]几乎是高难唯一指定流派，可以搭配命运之结系统几乎所有强力流派
这里分享几个无敌流派：
每秒-1血获得10%吸血+掉血几率+1%伤害，无限成长高难必备，快速叠出200%以上增伤
击杀点燃敌人几率增加火伤，搭配[u]炙热混沌之刃[/u] 同样是无限成长快速叠火伤
释放10个火系技能回1%血，搭配[u]炙热混沌之刃[/u] 你会看到头上疯狂跳回血，几乎等于无限血
和上述BD比其他的就太弱了，挑战高难很容易卡在10分钟小boss上

3、等级提升太慢且人物没有共享技能点，但技能树里普攻加成基本是必备产物，导致玩新角色必须降难度且玩起来很折磨

4、背包系统，这套系统导致局外成长前戏过长且操作极为繁琐
首先最无法接受的是[b] 取消装备符文必须按ESC [/b]，导致操作这个系统没法单手操作，更累了。。。
其次，没有记忆功能，中后期获得符文和锻造符文多了之后，肯定会根据自己流派倾向选择定向加成，没有记忆功能导致每一次想换流派玩就只能重新摆放符文，进一步导致没有换流派的动力

[h3] 总结 [/h3]
底子很好，但缺陷也很多，期待后期更新，初见很爽，但目前内容不足，玩时间长了会有点腻

[h1] 尽快把第4关boss的问题给我改了，随便你是放个木桩还是加个致歉声明！尽快改！！！ [/h1]"
2780710,1745134331,76561198263455168,schinese,1005,193166818,true,false,"简单来说，目前还是半成品的感觉。等后续再丰富了内容会改成推荐购买。
先说一下优点，这个游戏画风和boss战都比同类型游戏要好得多，或者说非常对我的胃口。但是在很期待地买进了正式版，发现实际上增加的只有两个新地图和一个新人物，其它内容基本上只是调整为主。技能、能力结、符文基本上都没太大的变化，游玩内容其实很少。

目前这个游戏需要调整和优化的地方还很多，比如符文系统非常鸡肋，人物之间区别较小，符文刷出的属性过于随机。但我觉得这些都算是小问题，可以慢慢调整和优化。最大的问题在于，作为一个刷刷刷的游戏，整体深度太浅了。别的游戏要么是让你刷装备，要么让你刷局外成长，这个游戏是让你刷符文。

但是目前符文系统根本就是个半成品。首先是刷到的颜料能做出的符文，供选择的数量非常少，给的属性也很鸡肋，感觉只有极少数能用得上的。游戏里刷出来的符文加的属性会更多，但是给的属性实在过于随机了。基本上就是把游戏里面这几十个属性，一股脑塞进去给你roll……时常会出现最稀有的符文，给了4个适用性很差的属性。如果想让玩家有动力去刷，就必须提高符文的适用性。要提高适用性，最好就把某些属性作为主属性（如攻击力，攻速，吸血等等），然后某个类型的高稀有性符文绑定这个主属性，然后附加其它收益没这么高的副属性。后续再加上一些高难度的地图，玩家可以用刷出来的符文去挑战，延长可玩性和设置好挑战曲线。但目前整个游戏能挑战的也只有4个地图，在局外纯提高敌人属性的难度，而给的奖励又是属性纯随机的符文，变成了一个负循环，整体游戏的正反馈非常差。
最常遇到的情况是，你用几十的高难度刷20分钟，出来三四个高稀有的符文，结果刷的全是非常鸡肋的属性。比如一个最高稀有度的符文，打比方火属性伤害+18，暴击系数+20%，回血+1，血量+50， 这些属性对于玩家的提升微乎其微，而且适用性也极差。毕竟一局游戏里你可能只会有一两个技能是火或冰属性的，而且没有太高的暴击率。然后回血的1点属性，居然每2秒只给回1点血……要知道这游戏局外人物加满之后，基本上都是四五百血量的。而能放符文的地方目前也不能拓展，只有固定的一点点地方。看整个UI设置应该有计划会给玩家拓展变大，放更多的符文的，稍微期待一下吧。

再就是属性的设置也有很大问题，比如上面提到的回血，用符文千辛万苦凑出来5点，一看属性每1.5秒回复1点血……我战士都快550的血了，敌人碰你一下几十上百血，靠回血属性来恢复天都亮了。但是游戏内除了完全随机刷新的苹果道具之外，只有一个吸血的回血手段。吸血这个属性的获取难度又很高，只有一个能力结，一个水蛭技能和完全随机的符文。而其它的很多属性点收益同样非常低，比如单个元素属性的伤害，暴击系数，4个异常状态（如震击的效果是怪物受到的伤害增加25%，那我为什么不直接增加攻击力或伤害系数？）。这种收益较低的属性，应该作为副属性出现在符文系统和升级挑选的选项中，而不是跟其它攻击力，攻击速度和血量等重要属性完全混在一起。这种完全混沌的抽奖并不会让玩家更多地去刷符文，而会因为收益过于不明确而干脆不想去刷了，导致整体游戏的挫败感很高。有时候连续升两三次级都是看到全是只有这些收益很低的属性能选择，就觉得很无奈。毕竟这个类型的游戏还是要以“刷”和“爽”为最大前提，你不能光想着让玩家刷，不让玩家爽呀。

这个游戏的美术风格等非常对我的胃口，我试玩版都玩了20多个小时了，正式版硬刷了16个小时反而有点打不动了。希望制作组赶紧再打磨打磨，不要浪费了这么有潜力的游戏。"
2780710,1745115377,76561199533926229,schinese,126,193151480,true,true,"是好游戏，但没有无尽模式，不够爽"
2780710,1745087135,76561198091716146,schinese,2148,193122720,true,true,"简单粗暴好玩，局内局外双背包系统有点意思，细节还需要打磨"
2780710,1745025062,76561199180187994,schinese,439,193064312,true,true,"优秀的类幸存者游戏，有自己的特色"
2780710,1744993479,76561198418826347,schinese,991,193031711,true,true,"升级云存档的时候吃掉了我战士的9个技能点，现在10级了只有一个技能点，能修复一下吗"
2780710,1744988361,76561199079015340,schinese,150,193025474,true,true,"无尽是没有的，BD是单一的，超武是没用的，强化结点是不可替换的，好评是先给你的。"
2780710,1744975223,76561199227255385,schinese,487,193011643,true,false,"极度无聊  bd极度无趣，游戏过程像在赤石，什么介绍都没有"
2780710,1744955181,76561198205032532,schinese,154,192995576,true,true,"+讨喜的像素风格
+宿命之网系统，给局内成长增添了一些趣味性
-取消了碰撞伤害，但是射子弹的怪子弹太不明显还是追踪的，经常躲不掉，大部分近战怪只要拿一些移动速度一直移动几乎可以无视
-宿命之网的随机太看运气
-小BOSS没打完怪海就冲过来了，不光boss看不到在哪了连技能都躲不开了
-地图里放了几个意义不明的祭坛，除此之外过于空旷了1

期待后续更新更多的英雄和技能"
2780710,1744948257,76561199129619358,schinese,927,192990843,true,true,"有个bug
就是偶尔升级后所装载的技能无法自动施放了，后期就剩初始技能硬打
有时候是单个技能，有时候是所有技能
遇到频率2.5小时两次"
2780710,1744943524,76561198098670671,schinese,289,192987331,true,false,"各种意义上的半成品..."
2780710,1744918659,76561198138746103,schinese,101,192965045,true,false,"本来不想给差评，但是莫名其妙局外成长被清0了。更别说这游戏没有局外的属性你完全玩不下去，局外升级又很慢很慢。不升级就打不动，打不动就没经验，没经验就没法升级，闭环了属于是。游戏内怪的血量只会一直加，参考隔壁吸血鬼幸存者中间还会有奖励波数起码算白给你点经验，第一波加血过后你就开始清不动怪，如果没有群伤技能的话拖都拖不下去，虽然我也才玩了两个小时，但是你让我两个小时的付出呲溜就没了我很不爽。而且目前来看，不建议现在买。等正式版再考虑吧（这B东西现在，还没试玩demo爽呢，想玩就去玩demo体验一下意思意思得了）"
2780710,1744909832,76561198802477084,schinese,102,192955040,true,true,"在没有加入技能透明度适配的情况以及手柄战斗中查看技能等级方式的情况下，这款游戏都是功能缺失的。
用第一关举例，第一关被蛇圈起来吐痰加戳但因为BD比较健全血虱猛猛吸从而站撸打过的我，像我三岁那年被我和我的家人用脸盆扣着一人一脚的老鼠。
我还肉。"
2780710,1744888054,76561198291107398,schinese,2108,192933830,true,true,"为什么华纳神域最终boss一出来我就死了，满血、也没吃到技能"
2780710,1744821086,76561198262332034,schinese,489,192878447,true,true,"第二章第一个BOSS那个闪电箭是什么机制完全没看明白，变绿瞬间闪现也躲不掉的吗"
2780710,1744806960,76561198165639695,schinese,1408,192863465,true,true,"有难度的肉鸽 不过是不错的游戏  希望后续内容早点出来"
2780710,1744786646,76561198446143953,schinese,700,192850374,true,true,"目前游玩4.6小时，解锁了猎人，这游戏是从去年DEMO开始玩的。
作为一个类吸血鬼幸存者玩家，我觉得这游戏优化or潜力很大。

优点就不描述了，现在主说一说需要优化的地方，由高到低排列，如果是我看错了还请指正：

1、符文页能不能自定义保存多页，因为不同流派对符文属性需求完全不同。
并且，由于有格子限制，每次更换一套符文真的需要花很多时间。

2、简化一下终极武器解锁条件，或者增加种类。对于一个幸存者肉鸽进化游戏，5小时了我未解锁任一种终极武器。一是由于我喜欢玩单一流派，二是由于敌人强度不得不玩单一流派，没有机会尝试不同属性之间的技能来解锁终极武器。

3、局内可以新增圣坛，在每次BOSS后刷新几个，亦或是增加更多的属性祭坛，比如给装备，或者买卖符文等等。

4、局内结点镶嵌后无法移动，目前能接受。但是希望可以覆盖镶嵌，后续刷到更强的连结点便于替换。

目前就想到这么多，希望官方能酌情考虑一下诉求，solute！"
2780710,1744782586,76561198407733810,schinese,1691,192848240,true,true,"希望官方可以优化融合技能，此类型技能特点不突出。同时希望增加神器功能，毕竟阿斯加德的神器很出名，不能仅以技能的形式出现。其它还不错，继续加油。"
2780710,1744776468,76561198336776984,schinese,936,192844628,true,true,"一个是感觉超武没什么用，第二个是，目前游戏时间15小时，感觉虽然没打完，但玩法已经较为固化，失去了大多数的乐趣"
2780710,1744735631,76561198821834901,schinese,1168,192809858,true,true,"很好玩呀~~加油！"
2780710,1744728445,76561198263233335,schinese,74,192802209,true,true,"Game play feels really punishing and frustrating. Cannot even beat the first map after so many attempts. Enemies are way too much for the character himself. Is this meant to be a survivor like game that comfort players or a soul like game that makes players taste defeat and disappointment?"
2780710,1744723176,76561198101427550,schinese,1137,192796835,true,true,"好玩"
2780710,1744717991,76561199297695026,schinese,1101,192792503,true,true,"汉化的不是很到位，期待后续更新"
2780710,1744712640,76561198059033410,schinese,223,192788830,true,false,"I really do not recommend this game, the game setting is really not good. the intro is so not clear and there is almost nothing but force you to play for looooong time"
2780710,1744691493,76561199554959962,schinese,1049,192777419,true,true,"刚玩确实有点难度，在玩久了之后还是很爽的，然后感觉强度不够的时候还可以血祭给自己加难度，但不建议英魂殿，除非你对自己的走位很自信，不然真的会被小怪一刀秒"
2780710,1744670561,76561198418001655,schinese,81,192763526,true,false,"太依赖局外成长，初始性能活不过五分钟，活不久就没经验，没经验就点不了天赋点，点不了天赋点就活不下去
美术设计我是喜欢的，打击感是不错的，成长曲线是极度不合理的，技能全是换皮，背包管理是一坨稀
既然做幸存者这种丢掉大脑赛博冥想的游戏类别就别让人坐牢啊，开局三分钟就因为数值不够死，死好几把才能加一个天赋点的体验真的太牢了
既没有惊喜也没有爽，除了美工啥也不是"
2780710,1744664056,76561198273561239,schinese,1465,192758086,true,false,"我是真的服了，打了15个小时了，最高猎手19级，其他两个10级，难升级我就忍了，我玩着玩着，我符文都没了，我怀疑这作者做了一个死亡掉落的事件，只要通关失败，就有几率掉落符文，这不是恶心人吗？

另外，你符文背包能不能给人点提示，我勾八刚开始玩的时候，根本不知道有符文背包这种东西
本来想着制作不易，也不太想为难作者，等作者更新就好了，你这手卡符文，真把我恶心到了。"
2780710,1744655548,76561198106464773,schinese,256,192749886,true,false,"随机要素实在是太多了，游戏底子是很好的，质感和手感都非常不错。但是实在不理解为什么除了升级技能和强化符文是随机的以外，就连技能升级的类型（弹道数量、伤害、CD）和升级增幅的数值（会随机到根据稀有度白、蓝、紫、橙不同程度的增幅数值大小）。高强度的随机性完全让运气成为最关键的部分，使想要玩的爽变得无比的困难。用高随机性增加玩家的游玩时间无异于折磨。还是比较喜欢这个游戏的，希望制作组减少不必要的随机性。目前不是很推荐，玩起来比较坐牢，如果改了随机性会来改好评。"
2780710,1744654373,76561198407472698,schinese,1865,192748590,true,false,"这游戏有这么严重的BUG居然还不修复?  我辛辛苦苦刷的好属性符文居然无端端消失了?莫名其妙的符文就消失了  不管是在背包里 还是已装备的 (绝对不是我手贱分解了)"
2780710,1744651076,76561198109157217,schinese,1788,192745334,true,true,"割草类游戏，比较解压！"
2780710,1744647533,76561199640105626,schinese,1294,192741907,true,false,"经常无法启动 不知道为啥"
2780710,1744640352,76561198285570701,schinese,422,192734768,true,true,"还不错  就是目前内容太少  不建议入手"
2780710,1744636190,76561198008200271,schinese,402,192731177,true,false,"这游戏常启动不了，经常要重启很多次才能进入一次游戏
"
2780710,1744632437,76561198110281165,schinese,934,192728097,true,false,"Very limited content
游戏内容非常有限，你可能在前几个小时很快乐，然后就没有然后了
"
2780710,1744631339,76561198277854840,schinese,309,192727248,true,true,"挺喜欢这个画风的，云同步没有确实有点蛋疼"
2780710,1744621425,76561199032601749,schinese,825,192721225,true,false,"随机大王就是你 给爷整乐了 500%攻速怎么达成告诉我？连拒绝升级的权利都不给我核心怎么运营？玩你🐎呢  臭傻逼"
2780710,1744595267,76561199138327001,schinese,1685,192706286,true,false,"Why does the super weapon synthesized from Wind Slash and Giant's Fang occupy such a large portion of the viewport? And it's so dazzling!!! Please change it back, thank you."
2780710,1744556465,76561198166961257,schinese,1565,192667712,true,false,"难度过高，解锁新人物要求太不合理，过渡太不平滑。
即使运气好，老早拿到想要的，依然要走位，根本爽不起来。"
2780710,1744546904,76561198137876901,schinese,452,192656861,true,false,"爽不起来的幸存者不就是史吗？
内容少的可怜，还整的随机要素太多，总共能组合就那么几个让玩家凹来凹去的，三选一技能品质还要分个白蓝紫橙，服了
凹一次费用贵的跟nm骨灰在殡仪馆论斤称一样离谱
另外背包UI这么多空白的地方，非要整个说明标签跟随鼠标是什么脑子想出来的"
2780710,1744541857,76561199236377278,schinese,1516,192651976,true,false,"刷了两个小时刷不到想要的buff，运气不好怎么操作都没用，给两个金直接通关，没有就直接趋势，受不了了"
2780710,1744537408,76561198455063619,schinese,79,192647860,true,false,"开荒玩得很痛苦 升等又慢 玩起来根本没爽感"
2780710,1744536777,76561198298727574,schinese,357,192647299,true,false,"经常会遇到bug， 玩着玩着突然就出现(1)不会释放某些技能 （2）敌人不刷新"
2780710,1744534667,76561198054182499,schinese,555,192645395,true,false,"一局只能用合一把超武？后期还不给爽…乱七八糟的系统一堆，深度却很有限。"
2780710,1744527528,76561198085805806,schinese,317,192639573,true,true,"全选物理技能就完事了，能加攻速减cd
成型了攻速能2000+屏幕上都见不到怪"
2780710,1744518497,76561198804667760,schinese,498,192633049,true,true,"一般吧。内容很少。只有三个角色，技能也不多。而且各种属性的技能都是互相换皮，每个流派玩起来都没有区别。玩了几把就没劲了。"
2780710,1744516511,76561198303608141,schinese,1334,192631516,true,true,"这游戏还是挺好玩的  steam deck 上玩 开60针还挺耐完  就是 刚开始有点伤害低符文多了开始厉害了"
2780710,1744512888,76561198043979924,schinese,1647,192628655,true,true,"游戏哪都好，就是节奏太慢了！打完一局要花20分钟以上"
2780710,1744511929,76561198196437118,schinese,1010,192627836,true,true,"[h1] 看虎牙楚河直播感觉不错，自己下来玩了[/h1] 
目前体验了下存在很多不合理的地方提下建议

1.不管是营地还是闯关都看不了个人属性面板

2.怪多技能减CD上来不能调特效透明度

3.符文背包没有一键选出售符文，一个一个点太麻烦了，装备符文每次需要按键操作不能同界面操作，而且只有一页符文页

4.超级技能合成，能装配五个技能但是只能合一个超级技能（2个能组合的技能升到五级即可合成超级技能），而且感觉出了一个技能你另外一个技能特别难D到，营地合成表像素小图也没有文字说明

5.目前我只玩了战士，宿命之网减技能CD+移速+10%吸血基本上等于无敌

[h2] 附现有的八个超级技能合成表及技能说明 [/h2]
[b] 斯卡蒂冰箭+冈格尼尔= 奥丁冰箭[/b]  [u] （朝随机目标发射冰箭，使其冰冻在原地，撞击时爆炸施加震击效果) [/u]
[b] 巨人之牙+旋风劈斩= 炙热混沌之刃[/b]  [u] （围绕自身挥舞炙热混沌之刃，对敌人造成伤害，将其点燃然后流血）[/u]
[b] 大地龟裂+冰川破裂= 霜牙戒指[/b]   [u] （在你周围召唤一面巨大的霜墙，从地面喷发并向外移动）[/u]
[b] 芬里尔之爪+托尔之怒=  雷爪[/b]  [u] （芬里尔被注入电能并残酷地砍杀随机目标）[/u]
[b] 投掷利维坦利斧+投掷匕首= 破碎利维坦利斧[/b]  [u] （朝一个随机目标投掷利维坦利斧，会定期向随机方向发射碎片）[/u]
[b] 炮台+世界之树脉冲= 风暴穿甲者[/b]  [u] （召唤风暴穿透者，定期向附近的敌人发射电脉冲）[/u]
[b] 苏尔特尔之火+劲风= 赫尔斯托姆[/b]  [u] （召唤注入赫尔冰霜的火焰龙卷风，射出穿刺的冰柱）[/u]
[b] 余烬之斧+洛基的释电幻影= 电斧[/b]  [u]（投掷通电的燃烧斧头，其会在撞击时爆炸并生成自身的残影）[/u]

[h1] 最后楚河牛逼！！！ [/h1]"
2780710,1744510097,76561198186051783,schinese,79,192626413,true,false,"好奇作者自己能不能打完 第一次见这种游戏成型了都得一直动要不然一秒暴毙的"
2780710,1744506421,76561199227543018,schinese,1864,192623654,true,true,"太难了QWQ"
2780710,1744505462,76561199026634058,schinese,894,192622951,true,false,"难以想象一款肉鸽类幸存者游戏让我如此的无语 毫无爽感可言 每局运营十几分钟就为了爽最后那几分钟 数值严重不平衡 作者真的玩过自己做的这一坨吗？"
2780710,1744497253,76561198302114187,schinese,604,192616295,true,false,"啊米诺斯，我阐述制作人的梦。一局只能合成一个超武就算了，还特么的两个技能选其中就会降低另外一个的概率重掷刷了一大堆就是嗯刷不出来另一个关键技能，好不容易弄出来两个技能了把其中一个升到五级之后另一个技能想升级又得重掷很多次，强烈建议制作人的木琴存在的时候付琴是找不到的，得重掷很多次才会出现，嘻嘻(#^.^#)"
2780710,1744475257,76561199188158009,schinese,1894,192591472,true,true,"[h1]好评，但是不推荐现在买，内容不够多 [/h1]
第二关第一个boss有一个技能要躲在冰柱后面才能躲开，自己试错了好几把也没发现，最后翻评论区才知道。
第四关关底boss没有血量，会被一击秒杀。
有时候伤害不足，辛辛苦苦把第一个boss磨到残血，大约在12分钟就会继续出小怪，小怪一出场，没有可以走位的空间这一局就结束了，十分钟就白玩了。建议在打第一个boss的时候把局内时间暂停为10分钟，或者等boss死亡再出小怪。
[h2]融合技能没有体现出融合技能的强度，以为是雪中送碳，其实是锦上添花。 [/h2]
除了光环、火狼、乌鸦以外的技能只要一直选蓝色品质及以上的选项升级到高等级，就不缺输出。比如苏尔特尔之火加劲风合成一个融合技能，我以为融合技能很强力，是输出的关键，其实不如一个高等级的劲风（大约7、8级），光标指向哪，路就打开了，输出表现从感官上比融合技能更令人安心，而且点了融合技能后画面太乱。
要不把融合技能设计成那种消耗型的，融合之后把两个单体技能的效果消除，正好也能解决画面太乱的问题。
[h2] 能不能出一些让玩家眼前一亮的融合技能 [/h2]
合成表里八个技能中只有两个技能的伤害类型是意想不到的，一个是赫尔斯特姆，另一个是灼热混沌之刃
而我探索合成表时，恰巧灼热混沌之刃是最后一个解锁的，当我以为这个融合技能也像另外的融合技能一样（融合的略带敷衍），没想到居然是一个光环技能！这个技能比另外七个融合技能更像融合技能！
如果融合技能不光是二合一的技能，设计出更多的融合技能，比如三合一甚至四合一，或者融合两个二合一技能再融合成为一个新的融合技能。游戏应该会更有趣。
技能强度不平衡，像[spoiler] 缚焰水蛭有吸血效果 [/spoiler]，我几乎每局都选，而且优先升级，再点一些火系技能配合命运之结点一个复苏之焰，只要不连续硬吃boss和大怪的高伤害就行，跟挂机一样。光环类和召唤类的技能就很少选。
[h2] 合成表 [/h2]
投掷利维坦利斧（寒冷伤害/远程）＋投掷匕首（物理伤害/远程）=破碎利维坦利斧（寒冷伤害/物理伤害/远程）
余烬之斧（火焰伤害/爆炸）＋洛基的释电幻影（闪电伤害/爆炸）=电斧（火焰伤害伤害/爆炸/远程）
巨人之牙（火焰伤害/近战）＋旋风劈斩（物理伤害/近战）=灼热混沌之刃（火焰伤害/物理伤害/近战/光环）
斯卡蒂冰箭（寒冷伤害/远程）＋冈格尼尔（闪电伤害/远程）=奥丁冰箭（寒冷伤害伤害/远程）
炮台（物理伤害/召唤）＋世界树脉冲（闪电伤害/远程）=风暴穿甲者（物理伤害伤害/远程/召唤）
大地龟裂（物理伤害/近战）＋冰川碎裂（寒冷伤害/远程）=霜牙戒指（物理伤害/寒冷伤害/近战/远程）
芬里尔之爪（物理伤害/远程）＋托尔之怒（闪电伤害/远程）=雷爪（物理伤害伤害/远程）
 苏尔特尔之火（火焰伤害/远程）＋劲风（寒冷伤害/近战）=赫尔斯特姆（火焰伤害/寒冷伤害/远程/召唤）"
2780710,1744475173,76561198835379770,schinese,596,192591386,true,true,"我的建议
1，取消每局只能合成一个技能组合的限制
2，增加更多技能合成组合
3，技能合成图鉴增加文字说明
4，增加符文页（也可用资源解锁更多符文页）
5，单页符文页可以花费资源额外增加符文安放空间
6，添加一键删除或者多选删除背包里的符文功能
My advice
1. Remove the restriction that only one skill set can be synthesized per game
2. Add more skill synthesis combinations
3. Added text descriptions to the Skill Synthesis Illustrated Book
4. Add rune pages (you can also use resources to unlock more rune pages)
5. A single rune page can spend resources to increase the rune placement space
6. Add one-click deletion or multi-selection to delete runes in the backpack"
2780710,1744471380,76561198392700595,schinese,1470,192586725,true,true,"还可以，期待更多内容。"
2780710,1744468772,76561199641100275,schinese,99,192583601,true,false,"别买，很垃圾"
2780710,1744468480,76561199363457810,schinese,383,192583266,true,false,"第一次给游戏差评，公测的内容全通了，结果正式版5小时还卡在第三关，想问一下作者是不是脑残，每次10分钟打小怪已经无敌割草了，结果打boss在刮痧，被这boss卡了快两小时ex死了，用脚填的数值"
2780710,1744468463,76561198829355456,schinese,572,192583248,true,true,"还算可以，不过刚发现没有云存档功能，对于想换台电脑继续玩的玩家不太友好。
ps：刚更新了云存档，但是我先用了一台没有玩过的电脑进行了更新，有可能把我存档弄没了，现在有点慌"
2780710,1744457031,76561199020990750,schinese,991,192570990,true,true,"很不错，但暂时内容有点少"
2780710,1744448280,76561198341782899,schinese,1050,192562665,true,false,"流派都非常依赖技能,甚至错一个都很难熬,但是能凑齐的机会不多,所以爽游肉鸽变得很不爽
引导很差,玩到第三关才知道背包里捡的东西可以放在另一个背包生效
boss的技能碰撞有问题,在红色预警外也能被打到
小怪攻击设计不合理,肉鸽地图整个超长攻击范围,怪一多满屏红色预警
最恶心的是有些boss有必中,秒杀机制,但是毫无提示信息,也查不到攻略
以至于经常重开,前期煎熬过几十分钟,好不容易要爽了,boss出来笑了两声直接送我回家,这什么寸止挑战?忍不了了才过来评价.因为这些白白浪费我2个小时+,甚至觉得制作人应该给我付款!!!"
2780710,1744447076,76561199712693680,schinese,522,192561639,true,false,"你自己看看你那b第四关谁打得过"
2780710,1744438039,76561199155372830,schinese,1002,192554864,true,true,"背包需要加个批量管理功能和局外成长，角色太少了，bug一堆，今天卡出来一背包完全一样的传说符文"
2780710,1744432100,76561198414702751,schinese,123,192550577,true,false,"不是说好了每秒掉一点血，加10%吸血，怎么光掉血不吸血呢？"
2780710,1744431673,76561198242642832,schinese,574,192550265,true,true,"后期怪潮很爽，但问题也不少。
1、没有合成表，我自己列了个：

投掷利维坦利斧+投掷匕首
余烬之斧+洛基的释电幻影
巨人之牙+旋风劈斩
斯卡蒂冰箭+冈格尼尔
炮台+世界之树脉冲
大地龟裂+冰川破裂
芬里尔之爪+托尔之怒
苏尔特尔之火+劲风

2、无法关闭或透明化特效，后期全屏都是武器特效，躲避怪物释放技能全靠一直移动与护甲硬抗。
3、制作符文多了后，掉落的符文就需要装备1-4个，刷符文这个系统算是废了。
4、第三个角色太弱了，很难处理初期突脸的怪物。
5、近8小时3个角色总等级才35级，合计刚点完一个角色，升级太慢了。"
2780710,1744389314,76561198873187609,schinese,714,192511614,true,true,"超武合成没有提示,局内应该设置成有组合提示的那样,现在就是哪个技能用的顺手就选哪个,另外有符文系统了,能不能再搞个装备系统"
2780710,1744387026,76561199208375968,schinese,1162,192509103,true,true,"可融合的技能不太清楚，像素图标太难认了不太明显看不出来，不如在选择的时候直接给提示，很需要"
2780710,1744378969,76561198831475889,schinese,711,192500315,true,true,"不赖"
2780710,1744378730,76561198259201658,schinese,425,192500064,true,true,"Can the superweapon synthesis table show text and pictures？mosaic pictures are difficult to read！In addition, please add recognition and differentiation to different maps and characters, and the skills of the physics department are far more than other skills after playing"
2780710,1744378459,76561198260617589,schinese,652,192499798,true,true,"从《阿斯加德的陨落：起源》测试开始就第一时间在玩，游戏量小但是还是挺有趣的，20元的价格买不了吃亏买不了上当。
关于本作游戏，有几点建议：
1. 优化一下中文，包括且不限于游戏中文本的描述，还有社区中的成就、每次发布的补丁、新闻及说明。
2. 游戏中添加图鉴，符文配置中添加特定类型排序，用多余的材料打造特定形状品质但加成随机的符文，并增加预组功能，可以根据英雄的选择进行预组。
3. 地图华纳神域中10分钟的BOSS技能判定不准确，不在红色光标内也可能会受伤。
4. 个别召唤技能无法刷CD，只允许召唤1次，比如乌鸦和火狼技能，以致于伤害特别拉胯。
5. 超武合成请优化图鉴配上说明，并且解锁后在选择技能中给予提示。
6. 增加英雄通用天赋点，比如在技能和宿命之网的选择中给予适当禁用或者跳过。
7. 优化地图的表达、物品掉落及特殊指引，适当增加磁铁数量，超视距击杀怪物时，升级石头会显著减少。
8. 加快更新，优化技能，新增地图、角色及超武。"
2780710,1744362697,76561199442970457,schinese,914,192486819,true,true,"游戏很不错，但是希望能多出点角色，并且还希望制作组添加能显示人物数据的功能，每次选BUFF时对人物的攻击力防御闪避率什么的都是一脸懵"
2780710,1744361069,76561198434924425,schinese,1138,192485769,true,true,"各种问题，还需打磨，但是对得起这个价格，"
2780710,1744358440,76561198146370886,schinese,724,192484143,true,false,"EA阶段提示   版本号0.2 
武器升级有三个颜色，白色、蓝色、金色，金色升级幅度最大。武器升级内容是触发次数、范围、CD、伤害等其中一条而不是全部升级。通关第一个图解锁符文掉落，I键背包点击装备到旗帜。背包中符文鼠标悬浮右键可以分解，分解成旗帜素材。神器合成不消耗武器，同时神器不占武器槽位，神器合成只能合成一次，合成条件是两个武器满五级。第三关开始有地面陷阱。第四关20分钟Boss应该要合成特定神器否则被奥丁秒杀。
虽然我很喜欢，但总体来说不是很推荐。
①前期就是死亡叠人物经验，解锁人物局外加成，顺带升级技能（到五级）解锁合成图鉴，非常枯燥乏味，而且频频感受死亡带来的挫折感。 ②[spoiler]按遍了字母键盘没有人物详细属性界面，我也不知道现在我是什么数值。[/spoiler]（已更新③Roll点刷新毫无规律，也不会故意给你凑神器。④武器升级颜色不知道是什么规律，纯运气？⑤目前来说，几个地图除了怪物不一样，其他基本都一样...也没有地图上内容互动什么的。⑥第四关Boss你被秒杀做成额外内容好不好，做成主线不知道的第一次都得被秒..⑦有一点点汉化不完全，在背包里右键分解时跳出的提示。⑧菜单设置界面缺少元素，暂时没有无限模式，Roll点无法放弃。⑨武器（也许还包括素材）图标模糊、特征不明显。⑩战斗中敌我、子弹分辨不清晰，受伤只能通过血量判断。红色判断条存在时即使怪物被击杀也会播放完蓄力动画。⑪Roll重骰成本太高了，你有几万蓝晶几下花完。⑫

没有完全体验出来，也许有误，请以实际为准。"
2780710,1744355515,76561198152935633,schinese,344,192482336,true,false,"没有灵魂的刷子幸存者，道具只有属性，局内数值设计不合理"
2780710,1744354575,76561198248392658,schinese,801,192481831,true,true,"你这个组合技能的查看界面太抽象了，我就没看懂是哪两个技能"
2780710,1744349850,76561198106195250,schinese,535,192479257,true,true,"伤害主要靠roll金技能和宿命之网    （前期拿20+移速可以刮的舒服点）  游玩体验一般 完成度有点低  前期有点坐牢    主要没有云存档  steamdeck上重新玩肝等级有点恶心   超武那边还不能看是什么武器（非要让人识别那几个技能图标  又小的要死）"
2780710,1744347895,76561198419682298,schinese,37,192478137,true,false,"太难了不好玩"
2780710,1744344303,76561198419051071,schinese,1071,192476053,true,true,"1，玩法单一，牛逼的技能就那么几个，物理系遥遥领先。其他系要么是粑粑，要么是可有可无。
2，术士也是个粑粑，技能无法升级，到后期刮痧打不动。
3，第四关过不去，BOSS出来就秒杀，是剧情杀吗？一个逼在空中笑着，我就没了。弄了那么多牛逼的技能，直接重新开始。什么时候更新第四关以后的？已经不想玩了。
"
2780710,1744339938,76561198096800825,schinese,235,192473319,true,true,"还是有部分翻译缺失，期待优化。--4.18 退出游戏还是缺失翻译
还有没有云存档，不太友好。--4.18 更新了！好！
另外合成技能的详情看不了，名字也看不了，你想让我们背下像素点吗？--4.18 更新了！好！
继续优化吧，什么时候改好了什么时候改好评。--4.18听劝的开发组！必须重新改回好评！"
2780710,1744326833,76561198365328970,schinese,268,192463776,true,false,"连技能合成都不让看，玩你马呢"
2780710,1744311993,76561198135461839,schinese,844,192450369,true,true,"还成，就是高级武器合成那个图，能不能直接显示名字，本来象素图标就不好认。

前期好难爽玩啊！"
2780710,1744310201,76561198191528313,schinese,343,192448525,true,false,"laji"
2780710,1744307197,76561198135986693,schinese,875,192445353,true,true,"解决一下不能云存档的问题可以吗"
2780710,1744306552,76561198362540254,schinese,368,192444693,true,false,"猎人的解锁有点太难了，不同角色之间因为世界树的赠礼系统导致后期区别变得不够明显，前期可以看到不同，但是后期构筑成型之后不管什么角色都太像了，建议不同角色之间的技能能有不同，或者从技能出现概率上做些调整。当然作为玩家自然有些贪心的希望不同角色之间的技能构筑能够不同就太好了。"
2780710,1744298837,76561198348204031,schinese,832,192436262,true,true,"玩过DEMO，目前已经把所有已出关卡玩了一遍。有几个问题：
1.汉化不完全，个别内容还是显示英文，虽然不影响游玩，但是希望尽快补全；
2.完成度偏低，与DEMO相比，就是多了两张地图，还有一半的地图没解锁；
3.战争喷漆太看脸，可以分解和制作，但是爆出来的战争喷漆不能洗词条，希望添加类似功能；
4.设计不合理，首先是角色养成是分开养成，需要重复升级过程；其次组合技能不能查看，只有图标显示，难以辨认，而且局内无法查看，即使需要玩家摸索，但是摸索出来还需要自己记住，这个设计很不合理。最后第四个地图华纳神域的最终BOSS是剧情杀吗？BOSS刚出来直接把我满血秒杀了，目前就打到这里，不知道是机制还是什么。作为一款吸血鬼幸存者游戏，如果BOSS无法击杀，我觉得这个设计非常失败。
5.有个恶性BUG，身上的战争喷漆通关后有概率消失，已经发生不止一次了。"
2780710,1744297701,76561198151869812,schinese,95,192435058,true,false,"现版本不推荐。

demo感觉挺有潜力的，怎么到了正式版反倒感觉数值更粗糙了？局内敌人数值不合理，运气不好的话要么开局几分钟就暴毙，要么打boss刮痧长痛。局外成长显得更重要了，结果你还不继承demo存档，等级和符文全白刷，进去白板一个还刷不出好开局真的折磨，丧失了玩下去的动力。

好用的技能削了，符文掉落少了，甚至刷图产出也看了，搞成强制反复刷资源的游戏了。demo版本好的地方改掉了不少，正式版内容倒是没多几个，我不理解。"
2780710,1744296961,76561198045769819,schinese,624,192434227,true,true,"之前两个demo都玩过了，大概懂了那些结该怎么摆弄后，打着就不刮痧了。
对于后续我还是有期待的，不过你说就卖25块也不能免费更新两三年吧"
2780710,1744296096,76561198136823282,schinese,386,192433287,true,false,"什么玩意啊，第2关第一个拿弓箭的BOSS，有个锁定技能，你动直接锁你，必中技能，然后我看他们说不动，我不动还是打我。怎么设计的BOSS啊。5 6 把都是这么死。坑人游戏"
2780710,1744293882,76561199184739172,schinese,355,192431008,true,true,"还不错，能玩。"
2780710,1744287036,76561198848524515,schinese,307,192424871,true,true,"挺好玩的，就是感觉局内构筑和局外培养内容有点少，地图就4章，那个符文拼图意义不明，感觉能造的符文用处不很大，想要厉害的符文都要去地图里打。
除此之外我在游玩的时候遇到了恶性bug，在游戏内会突然卡死，继续游戏后所有武器都无法进行攻击，差点给我整红温了。
随便给大家推荐一个构筑流派，物理流+吸血水蛭，物理流打伤害可以减cd，后面无限回血站撸都行。"
2780710,1744286635,76561198242419736,schinese,297,192424522,true,true,"一把只能合成一个超武，需要地图指引金苹果跟收集器，局内需要合成表或者直接提示，有点为了刷而刷了，成型之后有些也挺吃力，慢慢改进吧，总体玩的挺爽"
2780710,1744286035,76561198877294836,schinese,854,192424005,true,true,"打到个攻速吸血符文当传家宝供着
打完一局出来不见了
以为是自己不小心手贱分解的
直到他删除我第二个金色符文
其他的bug就不提了 全是享受🤡"
2780710,1744282173,76561199070026174,schinese,621,192421214,true,true,"游戏还不错，就是局外成长很肝"
2780710,1744280822,76561198385673534,schinese,557,192420259,true,false,"需要倍速、背包可拆卸以及局内查看合成表，难度疑似有点太高了，打二村伤害低的想睡觉"
2780710,1744277446,76561199055128635,schinese,1209,192418052,true,false,"别被demo骗了，正式版完全不如demo爽，而且一些技能描述有问题，怪的攻击判断也有问题，千万别上当，火山图的那个史莱姆是拿制作者钦马的骨灰盒做的吗？硬的要死攻击范围还血妈大，绕着玩家一出出一圈
好不容易爽玩一把轮椅炮台，结果第四关最终boss是没做还是有什么特殊要求，直接飞过来个byd奥丁（还给个被奥丁阻止的成就）给我一雷劈死了"
2780710,1744276852,76561198417465962,schinese,309,192417691,true,true,"难度偏高的幸存者肉鸽，要是不拿那个吸血水蛭的技能很难打到后面。
但是缝了一个符文系统挺新颖的，好像是第一次在幸存者类看见这种设定？（当然也有可能是我玩的少）"
2780710,1744272250,76561198090523169,schinese,55,192414961,true,false,"好游戏，但合成表看不到有点傻逼了，你把技能分成各种不同属性的，很难试出来。"
2780710,1744261799,76561198350813830,schinese,256,192409338,true,true,"几乎没强化，第二把就过了第一关了，说活不过3分钟的是有多菜啊？挺好玩的，战士起来后库库就是秒怪，爽的飞起，就是不知道构筑深度如何，待我再研究研究"
2780710,1744251263,76561198971165617,schinese,191,192402919,true,true,"第一个图刚通关出来就卡死，重新上游戏没有进度，但是成就完成了6个，这是什么新BUG么？还没有云存档，"
2780710,1744234650,76561199508374813,schinese,606,192390784,true,true,"[strike] 完成度太低了 可以游玩的内容太少了 玩过demo 所以正式版上手很快 
暂时把四个世界都打通了一遍 然后25的血之牺牲 大概就是4个半小时的流程 很短 感觉还没爽够
我好像看到第四个世界的boss出来 突然我就死了？？？（大概没做完） 这很难评
成型以后刷起来是挺爽的 但是满地图找东西很烦 怕什么东西漏了 
随机出现的道具竟然有时间限制 到时间会消失 最好看到就捡掉 本来打算多刷点经验绕一绕 再回来吃吸经验的道具 结果消失了。。
快点更新吧  这点内容完全不够玩的！！！！！！[/strike]
———————————————————————————————————————————————————————
这是披着肉鸽皮的刷宝游戏啊！！！！！ 按I背包里有符文 各种属性的 我以为只有做出来的搭配使用。。。。。。。。。。"
2780710,1744231966,76561198969931721,schinese,151,192388433,true,true,"仍需打磨"
2780710,1744231939,76561198099072955,schinese,252,192388402,true,true,"属实没想到有朝一日在steam能看到，一款肉鸽游戏，因为开局没有解锁全角色，而收获一个脏话连篇的差评，为了这个特意写个好评

目前玩下来有两个问题：
1.一局游戏20-30分钟，中间不能存进度退出，感觉有点长了
2.技能合成合成表局内不能看，在外面又不显示技能名字，只能靠截图对照是否有些不合理"
2780710,1744226809,76561198820687114,schinese,89,192383499,true,false,"这和试玩版有什么区别吗"
2780710,1744219790,76561198891961526,schinese,632,192376430,true,false,"本来都玩的挺开心的，但是boss战bug是否有点多？中土女武神消失不见也就算了，好不容起飞打到冰霜巨人，冰霜巨人头身分离后直接飞出圆圈场地，视角也跟着飞走了，我都看不见我自己的小人了，只能投降。无语了"
2780710,1744219584,76561198316738846,schinese,131,192376192,true,true,"期待后续更新！"
2780710,1744216599,76561198007169508,schinese,26,192373176,true,false,"傻逼游戏，你把三个角色给大家开放能死吗？开局那个逼战士难用的要死"
2780710,1744213912,76561199181133428,schinese,239,192370293,true,true,"很有创意的命运之网但
如果有更多玩法就更好了
"
2780710,1744213904,76561198108286076,schinese,47,192370279,true,false,"1、上来就坐牢，玩了好几把一到三分半就刮痧，如果是依赖固定套路你就引导一下，如果是依赖局外加成那我只能说一眼可见尽头；
2、完成度依旧很低，目前应该是三个角色吧，每个角色单独强化（其实没啥意义也就几把的新鲜感就是重复刷取），科技树比较短，鼠标滑过几个世界说是暂未开放，后续功能部分应该是不会有增加了；
3、没太懂为什么倍率只能作用于勇气之结，我刷金刷紫就是为了给勇气连接（忘了叫啥了就称呼这个吧）腾格子，这时候我在省下来的格子里加个倍率，既可以强化有利效果又可以提高上限；而你只作用勇气之结就意味着我有可能是“浪费了格子”或者“挤压到了下一个勇气链接的格子”，而边边角角的格子只能塞单个的勇气之结，就一定要让人膈应不舒服一下子。

我总是想起来一句话，目前的游戏环境，不为难玩家不教玩家玩游戏已经成了金子般可贵的行业道德了，只能说暂不推荐吧。"
2780710,1744213664,76561199327140871,schinese,876,192370034,true,true,"有一种拉出了一整条的快感，完美弥补了土豆兄弟简陋的画风，爽死我了"
2780710,1744213585,76561198106225905,schinese,42,192369961,true,false,"是不是我的玩法不对？打了N遍，第一关都过不去，没玩过这么难的吸血鬼幸存者游戏，这伤害给小兵刮痧，更别说BOSS打着又刷小兵了


4.18更新，虽然不知道这社区奖励“小丑”是谁送的，不过恭喜这款游戏属于我少数打完差评以后都不会改好评的游戏了。"
2780710,1744213345,76561198400513973,schinese,316,192369714,true,true,"demo就玩了，目前版本两个小时玩下来还是非常好玩的。
新增了不少内容，但是超武的获取上有点困难，主要是不能局内查看合成表，局外也不能查看道具名称
（导致我一直在用手机拍照...）
地图上出现的拾取道具希望能在版面直接箭头指示一下，玩了两个小时感觉眼睛要一个往左一个往右了。
局外角色技能树解锁不算很快。
喷漆目前好像只有装配和分解，希望以后能出合成，这样也不太浪费。
希望不要跑路能继续更新下去"
2780710,1744212130,76561198343145730,schinese,18,192368327,true,true,"完成度有点低啊，你的云存档呢？"
2780710,1744206823,76561198012252480,schinese,180,192362940,true,true,"好玩，爱玩。不过我之前刷了好久的材料的试玩版存档怎么不继承。。。。
另外一局时间太长了，加上选技能和天赋差不多要半个小时"
2780710,1744206796,76561198151689199,schinese,831,192362916,true,true,"目前体验差（开局的战士和他前九级没有一点加输出的手段，清怪慢，还要贴脸输出，妥妥的风险高收益低），寒冰系基本一坨，要伤害没伤害，减速敌人清不掉，聚在一堆反而更危险了，第二关第一个BOSS有个无脑锁头的技能，还必须躲在石头后面，开始还不出现在视野内，在视野外，既然无脑锁头，还设置一个预瞄范围干嘛，还误导人，以为自己在范围外是安全的，然后被射死了，第二次贴身想着闪避躲（可能boss开始不在视野内，到boss脸上时石头刷在其他地方），好家伙，直接无缝瞄着你
目前给的局内加成，没有什么爆炸伤害,远程伤害的结点，只能局外，玩不了爆炸流等其他流派。
如果开局改成射手会玩的没那么难受（战士就该玩家熟悉之后，其他养成养满了，然后玩战士追求挑战，虽然可能作者想着前期多肉一点，新手活得久，但类幸存者往往输出比血量重要），高难度下不选火焰虹吸比较难玩，选了又太简单了（玩多了就腻歪的狠），基础材料溢出太多了，希望后续能出一些功能能消耗一下溢出的材料（比如抽奖，抽一些装饰或者跟随物之类的）。
虽然目前版本不成熟，有些地方玩的趣味不高，但作者更新的还行，玩家反馈也处理的及时，更新计划也比较明晰。可以入手等更新，也可以观望后续更新再考虑入手。"
