Timestamp Created,PlayTimeTotal,Recommended,TranslatedReview
1745584365,663,True,"Dies ist die beste Erfahrung in dem √§hnlichen Spiel. Das kollisionsfreie Design ist sehr erfrischend zu spielen, und die Spr√ºhfarbe und die Knoten sind auch nachdenklich genug. Ich hoffe, mehr Spielinhalte hinzuzuf√ºgen, Schwierigkeiten herauszufordern und BD aufzubauen"
1745503917,1191,True,"Es macht Spa√ü, aber warum gibt es so wenige Karten? Am Ende dachte ich, ich w√§re immer auf dem vierten Bild geklopft, aber es stellte sich heraus, dass es daran lag, dass es kein Bild dahinter steckte."
1745499567,674,False,"Steamdeck st√ºrzt automatisch ab. Ich wei√ü nicht warum, es gibt √ºberhaupt keine Aufforderung. Ich st√ºrzte ungef√§hr eine halbe Minute nach Beginn des Spiels ab. Ich habe es mehrmals versucht und es war dasselbe. Gleiches gilt f√ºr den Neustart der Maschine. Kann nicht mehr spielen"
1745483629,297,True,"Das Spiel macht Spa√ü, aber leider ist die Leistung nicht in Chinesisch"
1745466296,498,True,Viel Raum f√ºr Verbesserungen
1745459878,2568,True,"Sehr gutes Produkt, sehr lustig, und es ist kein hirnloses Spiel aus M√§hung."
1745426207,233,False,"Die St√§rke und die BD -Formung sind zu zuf√§llig, und Sie k√∂nnen nicht zu viel Spa√ü am Bauen erleben"
1745412232,389,False,"Kein Spa√ü, nehmen Sie einfach das halbfertige Produkt"
1745339545,459,True,1
1745260472,1928,True,"Spa√ü, es macht Spa√ü, es f√ºhlt sich an, als w√ºrde man Vampire Survivor + Online -Spiel spielen"
1745260322,356,False,"Ich habe einen Fehler begegnet. Derzeit bin ich ein Kriegerstufe 11. Hunter Level 4. Prophet Level 15. Aber meine Attributpunkte sind nur 14. Die Attributpunkte des Kriegers und des J√§gers sind verschwunden. Es ist nutzlos, sie zur√ºckzusetzen. Es bedeutet, dass mein Krieger und mein J√§ger behindert sind. Ich kann nur den Propheten spielen."
1745248766,648,True,"Sehr cool, sehr cool"
1745222373,611,True,"Das Spiel ist sehr interessant, aber es gibt zu wenig Inhalt, es ist komplett halbfertig"
1745205108,1758,False,"Zu wenig Inhalt,"
1745179661,407,False,"Nachdem ich 5 Stunden lang gespielt hatte, spielte ich zusammen super Kampfk√ºnste."
1745157191,556,True,"Schlafenszeitspiele, Spa√ü"
1745156752,196,True,Hao
1745148155,1295,True,Spa√ü und lustige Entwickler sch√§tzen auch die Vorschl√§ge der chinesischen Spieler ~
1745145664,341,False,"Im Vergleich zum Vampirk√∂rper ist der Abschlussgrad zu niedrig. Das Highlight ist, dass es im Spiel mehr als 2 Konstruktionsmethoden gibt. Es wird empfohlen, eine Weile zu warten, um das Spiel wieder einzutreten."
1745134514,600,True,"Geben Sie zuerst gute Bewertungen, es ist ziemlich gut zu spielen, aber die Fertigstellung ist nicht hoch
BD -Forming ist nicht schwierig, es ist sehr angenehm zu spielen, aber einige Designs sind sehr unvern√ºnftig

1. Gegenw√§rtig mag es daran liegen, dass das nachfolgende Level noch nicht gestaltet wurde und nach Level 4 endete, aber warum lassen Sie mich nicht den Chef von Level 4 spielen? WARUM? Das aktuelle Design ist, dass der Charakter, nachdem der Chef in Level 4 gesehen wurde, direkt stirbt, aber es gibt keine Eingabeaufforderung! ! ! Keine Erkl√§rung! ! ! 
Ich denke, dieses Design ist sehr unangemessen. Ich denke, es ist in Ordnung, wenn Sie hier einen Holzpfahl aufnehmen. Als ich mich zum ersten Mal traf, dachte ich, es l√∂ste den Flash -Verkaufsmechanismus des Chefs aus. Nach wiederholten Versuchen kam ich schlie√ülich zu dem Schluss, dass ich ihn nicht schlagen w√ºrde. Das ist zu unangenehm. Es ist nicht leicht, den Chef selbst zu sehen. Es reicht aus, um es 20 Minuten zu schaffen, um anzuzeigen, dass die BD Gestalt angenommen hat, aber es stellt sich heraus, dass ich zu diesem Zeitpunkt nicht gl√ºcklich bin? ? ?

2. Bd ist sehr schwach, so schwach, dass es √ºberhaupt nicht daran interessiert ist, andere Schulen zu spielen. Derzeit ist das Feuerwehrsystem Gro√üvater, Physik ist Vater und alle anderen sind Enkel. Dann ist Giant's Tooth + Tornado Slash = Hot Chaos Blade fast die einzige ausgewiesene Schule, die mit dem Knoten des Schicksalsystems √ºbereinstimmt. Fast alle m√§chtigen Schulen
Hier sind einige unbesiegbare Genres:
-1 Blut pro Sekunde, um 10% Bluts√§ure + Blutverlustwahrscheinlichkeit + 1% Schaden zu erhalten. Es ist notwendig, ein unbegrenztes Wachstum und Schwierigkeiten zu haben und schnell mehr als 200% der Schadenserh√∂hung zu stapeln
T√∂te die Chance des Feindes, den Brandschaden zu erh√∂hen, der mit der Hot Chaos Blade √ºbereinstimmt, auch unendliches Wachstum und schnelles Stapelschaden mit Stapeln
Befreie 10 Ferchenkenntnisse, um 1% Blut zur√ºckzugeben, gepaart mit der hei√üen Chaosklinge, und sehen
Im Vergleich zum obigen BD ist es zu schw√§cher als die anderen. Es ist schwierig, herauszufordern und leicht am 10-min√ºtigen Chef zu bleiben.

3. Die Levelverbesserung ist zu langsam und die Charaktere teilen keine Skillpunkte, aber der allgemeine Angriffsbonus im Skill-Baum ist im Grunde ein Must-Have-Produkt, was es schwierig macht, einen neuen Charakter zu spielen, und es ist sehr qu√§lend zum Spielen.

4. Rucksacksystem. Dieses System f√ºhrt zu lang und der Betrieb ist √§u√üerst umst√§ndlich.
Das erste, was am inakzeptabelsten ist, ist, dass Sie ESC dr√ºcken m√ºssen, um die Ausr√ºstungsrune zu stornieren, was es unm√∂glich macht, das System mit einer Hand zu bedienen, was Sie noch anstrengender macht. . .
Zweitens gibt es keine Speicherfunktion. Nachdem Sie im mittleren und sp√§ten Stadium zu viele Runen und gef√§lschte Runen erhalten haben, werden Sie auf jeden Fall Richtboni basierend auf Ihren Genre -Tendenzen w√§hlen. Die mangelnde Speicherfunktion f√ºhrt dazu, dass Sie nur jedes Mal, wenn Sie die Genres √§ndern m√∂chten, wieder Runen platzieren k√∂nnen, was weiter zu einer Motivation f√ºhrt, Genres zu ver√§ndern.

 Zusammenfassen 
Die Stiftung ist sehr gut, aber es gibt viele M√§ngel. Ich freue mich auf das sp√§tere Update. Es ist sehr angenehm, Sie zuerst zu sehen, aber der Inhalt ist derzeit nicht ausreichend, daher werde ich es ein wenig m√ºde, lange zu spielen.

 Ich werde das Problem des Boss so schnell wie m√∂glich in der vierten Ebene √§ndern. M√∂chten Sie einen h√∂lzernen Anteil einlegen oder eine Entschuldigungserkl√§rung hinzuf√ºgen? Wechseln Sie so schnell wie m√∂glich! ! !"
1745134331,1005,False,"Einfach ausgedr√ºckt, es f√ºhlt sich im Moment immer noch wie ein halbfeindliches Produkt an. Nachdem der Inhalt sp√§ter angereichert ist, wird er in empfohlene Eink√§ufe ge√§ndert.
Lassen Sie mich zuerst √ºber die Vorteile sprechen. Dieser Spielstil und der Bosskampf sind viel besser als die gleichen Spiele, oder es ist sehr geeignet f√ºr meinen Appetit. Nachdem ich die offizielle Version mit gro√üer Vorfreude gekauft hatte, stellte ich fest, dass nur zwei neue Karten und ein neuer Charakter hinzugef√ºgt wurden und der andere Inhalt im Grunde genommen angepasst wurde. Die F√§higkeiten, F√§higkeitsknoten und Runen haben sich im Grunde nicht viel ver√§ndert, und es gibt tats√§chlich nur sehr wenig Spielinhalte.

Gegenw√§rtig gibt es in diesem Spiel viele Orte, die angepasst und optimiert werden m√ºssen. Zum Beispiel ist das Runensystem sehr nutzlos, die Unterschiede zwischen Zeichen sind gering und die Attribute des Runenb√ºrstens sind zu zuf√§llig. Aber ich denke, das sind alles kleine Probleme und k√∂nnen langsam angepasst und optimiert werden. Das gr√∂√üte Problem ist, dass die Gesamttiefe als ein Spiel von Pinselstrichen zu flach ist. Mit anderen Spielen k√∂nnen Sie entweder Ger√§te wischen oder Sie im Freien wachsen lassen. Mit diesem Spiel k√∂nnen Sie Runen wischen.

Das Rune-System ist derzeit ein halbstelles Produkt. Erstens sind die Runen, die durch die geb√ºrstete Farbe hergestellt werden k√∂nnen, sehr klein und die angegebenen Attribute sind ebenfalls nutzlos. Es scheint, dass nur eine sehr kleine Anzahl von ihnen verwendet werden kann. Die Runen, die Sie im Spiel verwenden, um weitere Attribute hinzuzuf√ºgen, aber die angegebenen Attribute sind zu zuf√§llig. Grunds√§tzlich f√ºllen Sie diese Dutzenden von Attributen im Spiel nur und rollen sie. Die seltensten Runen erscheinen oft und geben Ihnen 4 Attribute mit sehr schlechter Anwendbarkeit. Wenn Sie m√∂chten, dass die Spieler motiviert sind, zu b√ºrsten, m√ºssen Sie die Anwendbarkeit der Runen verbessern. Um die Anwendbarkeit zu verbessern, ist es am besten, bestimmte Attribute als Hauptattribute (wie Angriffsleistung, Angriffsgeschwindigkeit, Blutsaugen usw.) zu verwenden und dann dieses Hauptattribut einer bestimmten Art von Runen mit hoher Rarit√§t zu binden und dann andere sekund√§re Attribute mit weniger profitablen Vorteilen zu binden. Zus√§tzlich zu einigen schwierigen Karten k√∂nnen die Spieler die geb√ºrsteten Runen verwenden, um die Spielbarkeit herauszufordern und die Challenge -Kurve festzulegen. Gegenw√§rtig gibt es jedoch nur 4 Karten, die im gesamten Spiel herausgefordert werden k√∂nnen. Es erh√∂ht nur die Schwierigkeit der Attribute des Feindes au√üerhalb des Feldes, und die geliehene Belohnung ist Runen mit reinen zuf√§lligen Attributen, die zu einer negativen Schleife geworden sind. Das positive Feedback des Gesamtspiels ist sehr schlecht.
Die h√§ufigste Situation ist, dass Sie Dutzende von Hochdifferschaftsniveaus f√ºr 20 Minuten verwenden, und drei oder vier Runen mit hohem Risiko werden freigegeben, und die Ergebnisse sind alle sehr nutzlosen Attribute. Zum Beispiel eine Rune mit der h√∂chsten Seltenheit, beispielsweise Feuerattributschaden +18, kritischer Trefferkoeffizient +20%, Blutr√ºckgewinnung +1 und Gesundheit +50. Diese Attribute haben die Spieler nur minimal und ihre Anwendbarkeit ist ebenfalls √§u√üerst schlecht. Schlie√ülich haben Sie in einem Spiel m√∂glicherweise nur ein oder zwei F√§higkeiten, die Feuer- oder Eisattribute sind und keine zu hohe kritische Trefferquote haben. Dann gibt das 1 -Punkt der Blutr√ºckgewinnungsattribut tats√§chlich nur alle 2 Sekunden 1 Blutpunkt ... Sie sollten wissen, dass die Charaktere au√üerhalb des Spiels vollst√§ndig aufgeladen sind, sie im Grunde genommen vier oder f√ºnfhundert sind. Die Orte, an denen Runen platziert werden k√∂nnen, k√∂nnen derzeit nicht erweitert werden, nur ein wenig feste Stellen. Wenn man sich die gesamten UI -Einstellungen ansieht, sollte es Pl√§ne geben, die Spieler zu erweitern und zu erh√∂hen. Wenn Sie mehr Runen setzen, freuen Sie sich darauf.

Dar√ºber hinaus hat die Einstellung von Attributen auch gro√üe Probleme. Zum Beispiel die oben erw√§hnte Blutwiederherstellung, die Runen verwendet, um 5 Punkte auszugleichen, und wenn Sie sehen, dass die Attribute alle 1,5 Sekunden 1 Punkt des Blutes wieder aufnehmen ... ist mein Krieger fast 550 Blut, und der Feind ber√ºhrt Sie Dutzende oder Hunderte von Blut und st√ºtzt sich auf das Blutwiederherstellungsattribut, um sich zu erholen. Es ist Dawn. Im Spiel, mit Ausnahme der v√∂llig zuf√§lligen aktualisierten Apple-Requisiten, gibt es jedoch nur eine blutsaugende Methode, um Blut zu erholen. Die Schwierigkeit, das Attribut des Blutsaugens zu erhalten, ist sehr hoch, mit nur einem F√§higkeitsknoten, einer Blutegelkenntnis und v√∂llig zuf√§lligen Runen. Viele andere Attributpunkte haben ebenfalls sehr niedrige Renditen, z. B. die Besch√§digung eines einzelnen Elementattributs, der kritische Trefferkoeffizient und 4 abnormale Zust√§nde (wie die Wirkung des Schocks ist, dass der von Monstern erhaltene Schaden um 25%zunimmt. Warum erh√∂he ich meine Angriffsleistung oder meinen Schadenskoeffizienten nicht direkt?). Diese Eigenschaft mit niedrigen Renditen sollte als sekund√§re Eigenschaft im Runensystem angezeigt und die Auswahloptionen aufr√ºsten, anstatt vollst√§ndig mit anderen wichtigen Attributen wie Angriffsleistung, Angriffsgeschwindigkeit und Gesundheit gemischt zu werden. Diese v√∂llig chaotische Lotterie erm√∂glicht es den Spielern nicht, Runen mehr zu b√ºrsten, m√∂chte sie aber einfach nicht b√ºrsten, da der Gewinn zu unklar ist, was zu einem hohen Gef√ºhl der Frustration im Gesamtspiel f√ºhrt. Manchmal, wenn Sie zwei oder drei aufeinanderfolgende Zeiten aktualisieren, f√ºhlen Sie sich hilflos, wenn Sie sehen, dass nur diese Attribute mit sehr niedrigen Renditen ausgew√§hlt werden k√∂nnen. Schlie√ülich muss diese Art von Spiel als die gr√∂√üte Pr√§misse ""geb√ºrstet"" und ""gl√ºcklich"" sein. Sie k√∂nnen nicht einfach daran denken, die Spieler durchsuchen zu lassen, und nicht zulassen, dass die Spieler es genie√üen.

Der Kunststil dieses Spiels ist sehr gut f√ºr meinen Appetit. Ich habe die Testversion seit mehr als 20 Stunden gespielt, und die offizielle Version ist seit 16 Stunden hart gepresst, aber ich kann sie nicht √ºbertreffen. Ich hoffe, das Produktionsteam wird es schnell wieder polieren und kein solches potenzielles Spiel verschwenden."
1745115377,126,True,"Es ist ein gutes Spiel, aber ohne endlosen Modus macht es keinen Spa√ü genug"
1745087135,2148,True,"Einfach, grob und lustig, das doppelte Rucksacksystem innerhalb und au√üerhalb des Veranstaltungsortes ist interessant. Die Details m√ºssen noch poliert werden"
1745025062,439,True,Ausgezeichnetes √úberlebensspiel mit eigenen Eigenschaften
1744993479,991,True,Beim Upgrade auf die Cloud -Speicherung a√ü ich 9 Skill -Punkte meines Kriegers. Jetzt auf Stufe 10 gibt es nur einen Fertigkeitspunkt. Kann ich es beheben?
1744988361,150,True,"Unendlichkeit ist nicht verf√ºgbar, BD ist Single, Super Martial Arts ist nutzlos, St√§rkung der Knoten sind unersetzlich und es werden Ihnen zuerst gute Bewertungen gegeben."
1744975223,487,False,"Extrem langweiliges BD extrem langweilig, der Spielprozess ist wie in Akashi, es gibt keine Einf√ºhrung"
1744955181,154,True,"+Angenehmer Pixelstil
+Das Schicksal -Netzsystem macht das Wachstum des Spiels etwas Spa√ü
-Collapse des Kollisionsschadens, aber die Monster, die Kugeln schie√üen, sind zu unauff√§llig und verfolgen sie immer noch, und sie k√∂nnen oft nicht vermieden werden. Die meisten Nahkampfmonster k√∂nnen sie fast ignorieren, solange sie sich mit einer Bewegungsgeschwindigkeit bewegen.
-Die Zuf√§lligkeit des Schicksalsnetzes h√§ngt zu sehr vom Gl√ºck ab
-Der kleiner Chef eilte r√ºber, bevor er mit dem Meer der Monster k√§mpfte. Der Chef kann nicht nur nicht sehen, wo er ist, er kann nicht einmal seine F√§higkeiten vermeiden.
-Es gibt mehrere Alt√§re mit unbekannten Bedeutungen auf der Karte, und es ist zu leer.

Ich freue mich auf das anschlie√üende Update von weiteren Helden und F√§higkeiten"
1744948257,927,True,"Es gibt einen Fehler
Dies bedeutet, dass die nach dem Upgrade geladenen F√§higkeiten nicht automatisch gegossen werden k√∂nnen und die anf√§nglichen F√§higkeiten in der sp√§teren Phase hart treffen k√∂nnen.
Manchmal ist es eine einzelne F√§higkeit, manchmal ist es alles Geschick
Begegnung Frequenz 2,5 Stunden zweimal"
1744943524,289,False,Halbfeindliche Produkte in verschiedenen Sinnen ...
1744918659,101,False,"Ich wollte keine schlechte Bewertung abgeben, aber mein Wachstum drau√üen wurde aus irgendeinem Grund um 0 freigegeben. Ganz zu schweigen davon, dass dieses Spiel keine externen Attribute hat, Sie es √ºberhaupt nicht weiter spielen k√∂nnen und das externe Upgrade sehr langsam ist. Wenn Sie nicht aktualisieren, k√∂nnen Sie nicht k√§mpfen. Wenn Sie nicht k√§mpfen k√∂nnen, haben Sie keine Erfahrung. Wenn Sie nicht erfahren, k√∂nnen Sie nicht ein Upgrade haben. Es ist wahr, dass Sie eine geschlossene Schleife haben. Die Blutvolumen von Monstern im Spiel wird nur st√§ndig erh√∂ht. In Bezug auf den Vampir -√úberlebenden nebenan wird es in der Mitte eine Belohnungswellennummer geben. Zumindest werden Ihnen einige Erfahrungen erhalten. Nach der ersten Blutwelle werden Sie anfangen, die Monster zu kl√§ren. Wenn Sie nicht die F√§higkeit zu Gruppenverletzungen haben, k√∂nnen Sie es nicht einmal nach unten ziehen. Obwohl ich nur zwei Stunden lang gespielt habe, bin ich sehr ver√§rgert dar√ºber, dass Sie meine zwei Stunden Anstrengung verlieren lassen. Und derzeit wird nicht empfohlen, es jetzt zu kaufen. Betrachten wir es sp√§ter (dieses B -Ding wurde noch nicht ausprobiert. Wenn Sie es spielen wollen, gehen Sie und spielen Sie Demo und erleben Sie es.)"
1744909832,102,True,"In diesem Spiel fehlen Funktionen, ohne die Anpassung der F√§higkeitentransparenz hinzuzuf√ºgen und die F√§higkeiten im Controller -Kampf zu √ºberpr√ºfen.
Nehmen Sie die erste Ebene als Beispiel. Ich wurde in der ersten Ebene von einer Schlange gedreht und gesto√üen, aber wegen BD saugte meine Blutl√§use hart und schlugen mich, wie die Maus, als ich drei Jahre alt war, und meine Familie kickte sich mit einem Waschbecken.
Ich habe immer noch Fleisch."
1744888054,2108,True,"Warum bin ich gestorben, sobald der Chef der Warner -Dom√§ne herauskam, voller Blut und keine F√§higkeiten gegessen wurden"
1744821086,489,True,"Kapitel 2: Was ist der Mechanismus des Blitzes im ersten Boss? Ich kann es nicht vermeiden, selbst wenn ich im Moment des Gr√ºns blinke?"
1744806960,1408,True,"Die schwierige Fleischtaube ist ein gutes Spiel. Ich hoffe, dass der Follow-up-Inhalt fr√ºher herauskommt"
1744786646,700,True,"Der J√§ger spielt derzeit 4,6 Stunden und wurde entsperrt. Dieses Spiel begann letztes Jahr von der Demo zu spielen.
Als Vampir -Survivor -Spieler denke ich, dass dieses Spiel ein gro√ües Potenzial f√ºr Optimierung oder Optimierung hat.

Die Vorteile werden nicht beschrieben. Jetzt wird die Hauptperson √ºber die Orte sprechen, die optimiert werden m√ºssen, und sie von hoch bis niedrig anordnen. Wenn ich es falsch lese, korrigieren Sie mich bitte:

1. Kann Rune -Seiten angepasst werden, um mehrere Seiten zu sparen, da verschiedene Schulen v√∂llig unterschiedliche Anforderungen f√ºr Rune -Attribute haben.
Dar√ºber hinaus braucht es aufgrund von Gitterbeschr√§nkungen wirklich viel Zeit, um jedes Mal eine Reihe von Runen zu √§ndern.

2. Vereinfachen Sie die ultimativen Waffenentwicklungsbedingungen oder erh√∂hen Sie die Typen. F√ºr ein Survivor Meat Dove Evolution -Spiel habe ich 5 Stunden lang keine der ultimativen Waffen freigeschaltet. Einer ist, weil ich gerne einzelne Genres spiele und der andere an der St√§rke des Feindes, ich muss einzelne Genres spielen, und ich habe nicht die M√∂glichkeit, F√§higkeiten zwischen verschiedenen Attributen zu versuchen, um die ultimative Waffe freizuschalten.

3.. Sie k√∂nnen einen neuen Altar im Spiel hinzuf√ºgen, nach jedem Chef einige aktualisieren oder weitere Attributalt√§re hinzuf√ºgen, z. B. Ausr√ºstung, Kauf und Verkauf von Runen usw.

4. Die Knoten im Feld k√∂nnen nach der Einbettung nicht bewegt werden und k√∂nnen derzeit akzeptiert werden. Ich hoffe jedoch, das Inlay abzudecken und dann die st√§rkeren Verbindungspunkte zu bestreichen, um den Austausch zu erleichtern.

Im Moment wird so viel gedacht, dass der Beamte die Forderungen wie angemessen und gel√∂scht ber√ºcksichtigen kann!"
1744782586,1691,True,"Ich hoffe, der Beamte kann die Fusionsf√§higkeiten optimieren, und die Eigenschaften dieser Art von F√§higkeiten sind nicht hervorragend. Gleichzeitig hoffe ich, die Funktionen des Artefakts hinzuzuf√ºgen. Schlie√ülich ist Asgards Artefakt sehr ber√ºhmt und kann nicht nur in Form von F√§higkeiten erscheinen. Die anderen sind nicht schlecht, arbeiten weiter hart."
1744776468,936,True,"Eine davon ist, dass Super Martial Arts nutzlos ist, und das zweite ist, dass das Spiel derzeit 15 Stunden dauert. Obwohl ich der Meinung bin, dass das Gameplay, obwohl ich noch nicht gespielt habe, relativ verfestigt wurde und ich den gr√∂√üten Teil des Spa√ües verloren habe."
1744735631,1168,True,Sehr Spa√ü ~~ Komm schon!
1744728445,74,True,"Game Play f√ºhlt sich wirklich bestraft und frustrierend an. Kann nach so vielen Versuchen nicht einmal die erste Karte schlagen. Feinde sind f√ºr den Charakter selbst viel zu viel. Soll dies ein √ºberlebendes Spiel sein, das Spieler oder ein Seele wie Spiel bequem macht, bei dem Spieler Niederlage und Entt√§uschung schmecken lassen?"
1744723176,1137,True,Spa√ü
1744717991,1101,True,Die chinesische Version ist nicht sehr gut und wir freuen uns auf nachfolgende Updates
1744712640,223,False,"Ich empfehle dieses Spiel wirklich nicht, die Spieleinstellung ist wirklich nicht gut. Das Intro ist so nicht klar und es gibt fast nichts anderes als Sie zum LOOOOOGH -Zeit zu zwingen"
1744691493,1049,True,"Es ist wirklich ein bisschen schwierig, gerade jetzt zu spielen, und es ist immer noch sehr gut, nachdem es lange gespielt hat. Wenn Sie dann das Gef√ºhl haben, dass die Intensit√§t nicht ausreicht, k√∂nnen Sie sich selbst Schwierigkeiten hinzuf√ºgen. Es wird jedoch der Helden -Soulhalle nicht empfohlen. Wenn Sie nicht sehr sicher sind, dass Sie Ihre Positionierung haben, werden Sie in Sekundenschnelle von einem Monster erstochen."
1744670561,81,False,"Zu viel Vertrauen in das Au√üenwachstum, die anf√§ngliche Leistung dauert nur f√ºnf Minuten und Sie werden keine Erfahrung haben, bevor Sie leben. Wenn Sie keine Erfahrung haben, k√∂nnen Sie keine Talentpunkte erhalten, und wenn Sie keine Talentpunkte erhalten, k√∂nnen Sie nicht in der Lage sein, zu leben
Ich mag Kunstdesign, die Auswirkungen sind gut, die Wachstumskurve ist √§u√üerst unangemessen, alle F√§higkeiten sind Hautver√§nderungen und Rucksackmanagement ist ein Chaos
Da Sie ein √úberlebender sind, einer Spielkategorie, die das Gehirn und die Meditation verliert, lassen Sie die Leute nicht ins Gef√§ngnis gehen. Es ist wirklich ein Schlag zu Beginn von drei Minuten, weil der Wert nicht ausreicht. Es ist wirklich eine schlanke Erfahrung, nach mehreren Spielen einen Talentpunkt hinzuzuf√ºgen.
Es gibt weder √úberraschung noch Vergn√ºgen, nichts als Kunstwerke"
1744664056,1465,False,"Ich war wirklich √ºberzeugt. Ich hatte 15 Stunden lang gek√§mpft. Die h√∂chste J√§gerstufe 19 und die beiden anderen Level 10 waren Level 10. Ich hatte es ertragen, weil ich nicht aufr√ºsten konnte. W√§hrend ich spielte, waren meine Runen weg. Ich vermutete, dass dieser Autor ein Death Drop -Ereignis hatte. Solange ich versagte, bestand die Chance, die Runen fallen zu lassen. Ist das nicht ekelhaft?

K√∂nnen Sie den Leuten au√üerdem ein paar Tipps f√ºr Ihren Rune -Rucksack geben? Als ich anfing, mit Gouba zu spielen, wusste ich nicht, dass es √ºberhaupt einen Rune -Rucksack gibt.
Ich dachte urspr√ºnglich, dass es nicht einfach war, die Produktion zu erstellen, und ich wollte den Autor nicht schwierig machen. Ich habe gerade darauf gewartet, dass der Autor aktualisiert wird. Ihre Handkartenrunen haben mich wirklich angewidert."
1744655548,256,False,"Es gibt zu viele zuf√§llige Elemente, das Spiel hat eine gute Grundlage und die Textur und das Gef√ºhl sind sehr gut. Aber ich verstehe wirklich nicht, warum zus√§tzlich die F√§higkeiten und die St√§rkung von Runen die Arten von F√§higkeiten -Upgrades (Anzahl der Ballistiken, Sch√§den, CD) und die Werte der Upgrade -Amplitude (sie erreichen zuf√§llig unterschiedliche Wertstufe des Anstiegswertes gem√§√ü der Seltenheit wei√ü, blau, lila und orange). Die Zuf√§lligkeit mit hoher Intensit√§t macht das Gl√ºck zum kritischsten Teil und macht es √§u√üerst schwierig, es zu genie√üen. Die Verwendung von hoher Zuf√§lligkeit, um die Spielzeit des Spielers zu erh√∂hen, ist gleichbedeutend mit Folter. Ich mag dieses Spiel immer noch mehr und hoffe, dass das Produktionsteam unn√∂tige Zuf√§lligkeit verringert. Es ist momentan nicht sehr empfohlen. Es ist beim Spielen mehr inhaftiert. Wenn die Zuf√§lligkeit ge√§ndert wird, wird sie in die positiven Bewertungen ge√§ndert."
1744654373,1865,False,"Es gibt einen so schweren Fehler in diesem Spiel, aber es ist nicht behoben? Die guten Attributrunen, die ich hart gearbeitet habe, um zu b√ºrsten, sind ohne Grund verschwunden? Die Runen verschwanden unerkl√§rlicherweise, egal ob sie sich im Rucksack oder ausgestattet haben (es ist definitiv keine schlechte Sache, sie zu trennen)"
1744651076,1788,True,"Grasm√§henspiele, stressfreier!"
1744647533,1294,False,"Es ist nicht m√∂glich, oft zu beginnen. Ich wei√ü nicht warum"
1744640352,422,True,"Nicht schlecht, es gibt derzeit zu wenig Inhalt, es wird nicht empfohlen, es zu kaufen"
1744636190,402,False,"Dieses Spiel wird oft nicht begonnen und es dauert oft viele Male, um in das Spiel einzusteigen"
1744632437,934,False,"Sehr begrenzter Inhalt
Der Spielinhalt ist sehr begrenzt, Sie k√∂nnten in den ersten Stunden gl√ºcklich sein und dann nichts anderes"
1744631339,309,True,"Ich mag diesen Stil wirklich, es ist wirklich ein bisschen schmerzhaft, wenn ich keine Wolkensynchronisation habe"
1744621425,825,False,"Du bist der zuf√§llige K√∂nig. Ich bin so froh, derjenige zu sein, der eine Angriffsgeschwindigkeit von 500% erreichen kann. Sag mir, wie ich es erreichen kann? Wie kann ich den Kern bedienen, ohne ihn dem Recht zu geben, ein Upgrade zu weigern? Mit dir spielen üêé, dummer Narr"
1744595267,1685,False,"Warum besetzt die Superwaffe, die aus dem Wind Slash synthetisiert wurde, und der Riesenfang besetzt einen so gro√üen Teil des Aussichtsfensters? Und es ist so schillernd !!! Bitte √§ndern Sie es zur√ºck, danke."
1744556465,1565,False,"Die Schwierigkeit ist zu hoch, die Anforderungen an das Entsperren neuer Charaktere sind zu unvern√ºnftig und der √úbergang ist zu unber√ºhrt.
Auch wenn ich viel Gl√ºck habe und das, was ich will, fr√ºh bekomme, muss ich trotzdem vorw√§rts gehen, und ich kann mich √ºberhaupt nicht gut f√ºhlen."
1744546904,452,False,"Ist der √úberlebende, der sich nicht gl√ºcklich f√ºhlen kann?
Der Inhalt ist erb√§rmlich und es gibt zu viele zuf√§llige Elemente. Es gibt nur wenige, die kombiniert werden k√∂nnen, um sich die Spieler konkav zu f√ºhlen. Die Qualit√§t der Drei-Wahl-F√§higkeit muss in Wei√ü, Blau, Lila und Orange unterteilt werden. Ich bin √ºberzeugt.
Die Kosten f√ºr konkav sind so teuer wie NM wie der Wert von Pfund in einem Bestattungsunternehmen
Au√üerdem gibt es in der Rucksack -Benutzeroberfl√§che so viele leere Leerzeichen, dass ich das Etikett erkl√§ren und der Maus folgen muss. Was ist das Gehirn, das mit dem Tag kommt?"
1744541857,1516,False,"Nach zwei Stunden B√ºrsten konnte ich nicht den Buff bekommen, den ich wollte. Es war nutzlos zu operieren, wenn ich kein Gl√ºck hatte. Ich gab zwei Goldm√§nner, um das Level direkt zu bestehen. Wenn ich es nicht h√§tte, w√ºrde ich es nicht aushalten."
1744537408,79,False,"Es ist schmerzhaft, das Land zu √∂ffnen, aber es ist nur langsam, dorthin zu gelangen, und es ist keine gute Zeit zum Spielen."
1744536777,357,False,H√§ufig begegnen Fehler und erscheint pl√∂tzlich beim Spielen (1) einige F√§higkeiten werden nicht ver√∂ffentlicht (2) Der Feind wird nicht aktualisiert
1744534667,555,False,"K√∂nnen Sie nur ein Spiel verwenden, um Super Martial Arts zu √ºbertreffen? Ich werde sp√§ter nicht gl√ºcklich sein ... es gibt viele unordentliche Systeme, aber die Tiefe ist sehr begrenzt."
1744527528,317,True,"W√§hlen Sie einfach alle k√∂rperlichen F√§higkeiten aus und Sie werden fertig sein. Sie k√∂nnen Angriffe beschleunigen und CDs reduzieren
Die Angriffsgeschwindigkeit betr√§gt 2000+ und es gibt kein Monster auf dem Bildschirm."
1744518497,498,True,"Normal. Sehr wenig Inhalt. Es gibt nur drei Charaktere und nicht viele F√§higkeiten. Dar√ºber hinaus werden die F√§higkeiten verschiedener Attribute gegeneinander ausgetauscht, und es gibt keinen Unterschied zwischen dem Spielen jedes Genres. Nachdem ich ein paar Spiele gespielt hatte, war ich langweilig."
1744516511,1334,True,"Es macht ziemlich viel Spa√ü, auf dem Dampfdeck zu spielen. Es ist ziemlich resistent gegen 60 Stiche. Es ist nur so, dass der Schaden am Anfang etwas zu niedrig ist. Nach den niedrigen Runen wird es besser."
1744512888,1647,True,"Das Spiel ist √ºberall gut, aber das Tempo ist zu langsam! Es dauert mehr als 20 Minuten, um ein Spiel zu beenden"
1744511929,1010,True,"Ich f√ºhle mich gut, Huya Chuhe Live -Sendung zu sehen, also bin ich heruntergekommen, um es selbst zu spielen
Ich habe viele unangemessene Gebiete erlebt und Vorschl√§ge gemacht

1. Egal, ob es sich um ein Camp oder ein Pass handelt, Sie k√∂nnen das pers√∂nliche Attributpanel nicht sehen.

2. Die Transparenz von Spezialeffekten kann nicht angepasst werden, wenn die CD reduziert wird.

3. Rune -Rucksack hat kein Klick, um die zum Verkauf stehenden Runen auszuw√§hlen. Es ist zu problematisch, einzeln zu machen. Jedes Mal, wenn Sie die Taste zum Betrieb dr√ºcken m√ºssen, k√∂nnen Sie nicht auf derselben Schnittstelle arbeiten, und es gibt nur eine Seite der Runenseite.

V. Es ist auch der Ansicht, dass eine F√§higkeit f√ºr Sie besonders schwierig ist, eine andere F√§higkeit zu erreichen, und es gibt keine Textbeschreibung f√ºr das kleine Pixelbild der Camp -Synthese -Tabelle

5. Derzeit spiele ich nur Warriors. Destiny Net reduziert die F√§higkeiten CD + Bewegungsgeschwindigkeit + 10% Bluts√§ure ist im Grunde genommen unbesiegbar

 Mit acht vorhandenen Super Skill -Synthese -Tabellen und F√§higkeitenbeschreibungen beigef√ºgt
 Skati Ice Arrow + Gangniel = Odin Ice Pfeil (feuert Eispfeile bei zuf√§lligen Zielen, um sie einzufrieren, explodieren auf den Aufprall und wenden Sie einen Schockeffekt an).
 Giant's Tooth + Tornado Slash = Hei√ües Chaosblatt (winken Sie die hei√üe Chaos -Klinge um sich herum, verursachen den Feind Sch√§den, entz√ºnden Sie ihn und bluten)
 Erde rissig + Gletscher rissig = Frostzahnring (beschw√∂ren
 Fenriers Klaue + Thors Zorn = Donnerklaue (Fenrier wird mit Elektrizit√§t injiziert und schneidet und t√∂tet zuf√§llige Ziele)
 Wirf Levitra Ax + einen Dolch = zerbrochene Levitra Axe (werfen Sie Levitra Axe zu einem zuf√§lligen Ziel und feuern Sie regelm√§√üig in eine zuf√§llige Richtung)
 Batterie + Weltbaumpuls = Sturmpanzer Piercer (Beschw√∂ren von Sturm Piercer, regelm√§√üig elektrische Impulse in nahe gelegene Feinde startet)
 FIRE OF SURTEL + WIND = HULSTORM (beschw√∂rt einen Flammen -Tornado, der Huls Frost injiziert und durchdringende Eiszapfen aussch√ºttelt)
 Ember Ax + Lokis leeres Phantom = Elektrisches Axt (wirft eine mit Energie versorge brennende Axe, die auf den Aufprall explodiert und ein eigenes Nachbeben erzeugt)

 Am Ende, Chu, ist er gro√üartig! ! !"
1744510097,79,False,"Ich frage mich, ob der Autor das Spiel selbst beenden kann. Als ich das erste Mal sah, dass diese Art von Spiel Gestalt annahm, musste ich mich in Bewegung halten, sonst w√ºrde ich in einer Sekunde sterben"
1744506421,1864,True,Zu schwierig QWQ
1744505462,894,False,"Es ist kaum vorstellbar, dass ein Fleischtauben -√úberlebendespiel mich sprachlos macht und kein Gef√ºhl des Vergn√ºgens hat. Jedes Spiel wird l√§nger als zehn Minuten betrieben, um die letzten Minuten zu machen. Die Werte sind ernsthaft unausgeglichen. Hat der Autor dieses St√ºck, das er gemacht hat, wirklich gespielt?"
1744497253,604,False,"Ah Minos, ich erkl√§re den Traum des Produzenten. Vergessen Sie es, synthetisieren nur ein Super -Kampfkunstspiel. Wenn Sie zwei F√§higkeiten ausw√§hlen, werden Sie die Wahrscheinlichkeit verringern, dass der andere viel neu splitiert wird, aber Sie k√∂nnen keine weitere wichtige F√§higkeiten b√ºrsten. Nachdem Sie endlich zwei F√§higkeiten erhalten haben, k√∂nnen Sie eine auf Stufe f√ºnf aufr√ºsten, und Sie m√ºssen es viele Male neu sprengen. Es wird dringend empfohlen, dass Fu Qin es nicht finden kann, wenn das Xylophon des Produzenten existiert, und es muss es viele Male neu splitieren, bevor es erscheint. Hehe (#^.^#)"
1744475257,1894,True,"Gute Bewertungen, aber nicht empfohlen, jetzt zu kaufen, nicht genug Inhalt
Der erste Chef in der zweiten Ebene hatte eine F√§higkeit, die er hinter den Eiszapfen verstecken musste, bevor er ausweichen konnte. Er versuchte es mehrmals, fand es aber nicht. Schlie√ülich wandte er sich dem Kommentarbereich zu, um es herauszufinden.
Der Chef auf der vierten Ebene hat keine Gesundheit und wird sofort mit einem Schlag get√∂tet.
Manchmal ist der Schaden unzureichend, und der erste Chef ist schwierig, die Restgesundheit zu erreichen, und die Monster werden in etwa 12 Minuten weiterhin erscheinen. Sobald das Monster erscheint, gibt es keinen Raum f√ºr die Positionierung. Dieses Spiel ist vorbei und es wird zehn Minuten vergeblich sein. Es wird empfohlen, die Zeit im Spiel 10 Minuten lang zu pausieren, wenn sie gegen den ersten Boss k√§mpfen, oder darauf zu warten, dass der Chef stirbt, bevor ein Monster erscheint.
Die Fusionsf√§higkeit spiegelt nicht die St√§rke der Fusionsf√§higkeiten wider. Ich dachte, es w√§re ein Geschenk von Kohlenstoff aus dem Schnee, aber es war tats√§chlich das i -T√ºpfelchen. 
Zus√§tzlich zu Halo, Fire Wolf und Crow, F√§higkeiten, solange Sie immer wieder die blaue Qualit√§t ausw√§hlen, und √ºber Optionen, um auf h√∂here Ebenen zu aktualisieren, wird es keinen Mangel an Outputsmangel geben. Zum Beispiel die Synthese einer Fusionsf√§higkeiten von Surtsel und wildem Wind. Ich denke, die Fusionsf√§higkeiten sind sehr leistungsf√§hig und der Schl√ºssel zum Ausgang. Tats√§chlich ist es nicht so gut wie ein enormer Wind auf hohem Niveau (etwa Stufe 7 oder 8). Wo immer der Cursorpunkt zeigt, wird die Stra√üe ge√∂ffnet. Die Ausgangsleistung ist sensorischer als die Fusionsf√§higkeiten, und das Bild ist zu chaotisch, nachdem er auf die Fusionsf√§higkeiten geklickt hat.
Andernfalls kann das Entwerfen der Fusionsf√§higkeiten in einen Verbrauchsmaterial und die Beseitigung der Auswirkungen der beiden einzelnen F√§higkeiten nach der Fusion das Problem zu unordentlicher Bilder l√∂sen.
 K√∂nnen einige Fusionsf√§higkeiten, die die Augen der Spieler zum Leuchten bringen?
Die Schadensart von nur zwei der acht F√§higkeiten in der Synthesetabelle ist unerwartet, einer ist Helstum und der andere ist die Klinge des scharlachroten Chaos
Als ich die Synthesetabelle untersuchte, war die brennende Chaosklinge die letzte, die freigeschaltet wurde. Als ich dachte, diese Fusionsf√§higkeiten sei wie eine weitere Fusionsf√§higkeiten (die Fusion war leicht optimal), hatte ich nicht erwartet, dass es eine Halo -F√§higkeit ist! Diese F√§higkeit ist eher eine Fusionsf√§higkeiten als die anderen sieben Fusionsf√§higkeiten!
Wenn die Fusionsfertigkeit nicht nur eine zwei-in-Eins-F√§higkeit ist, entwerfen Sie mehr Fusionsf√§higkeiten wie drei oder sogar vier in eins, oder verschmelzen zwei zwei-in-Eins-F√§higkeiten und verschmelzen sie dann zu einer neuen Fusionsfertigkeit. Das Spiel sollte mehr Spa√ü machen.
Die St√§rke der F√§higkeit ist unausgeglichen, wie der flammenbindende Blutegel, der einen blutsaugenden Effekt hat, w√§hle ich fast jedes Spiel aus, und ich gebe dem Upgrade Priorit√§t und klicke dann auf einige Feuerf√§higkeiten, um mit dem Schicksalknoten f√ºr eine Wiederherstellungsflamme zusammenzuarbeiten. Solange ich nicht st√§ndig den hohen Schaden des Chefs und der gro√üen Monster nehme, ist es einfach wie aufzuh√§ngen. Es gibt nur sehr wenige F√§higkeiten f√ºr Halo und Beschw√∂rung.
 Synthesetabelle
Wirf Leviathan Axe (Kaltschaden/Reichweite) + Dolch (Physikalischer Schaden/Bereich) = gebrochene Leviathan -Axt (Kaltsch√§den/physischer Schaden/Reichweite)
Ember Axe (Brandsch√§den/Explosion) + Lokis elektrisches Phantom (Blitzschaden/Explosion) = Elektrische Axt (Brandschaden/Explosion/Reichweite)
Titans Zahn (Feuerschaden/Nahkampf) + Tornado Slash (physischer Schaden/Nahkampf) = brennender Chaosblatt (Feuerschaden/physischer Schaden/Nahkampf/Aura)
Skati -Eispfeil (Kaltschaden/Langstrecke) + Gangniel (Blitzschaden/Langstrecke) = Odin -Eispfeil (Kaltschaden/Langstrecke)
Batterie (physischer Schaden/Beschw√∂rung) + Weltbaumimpuls (Blitzschaden/Reichweite) = Sturmpanzerung Piercer (physischer Schaden/Reichweite/Beschw√∂rung)
Erdriss (physikalischer Schaden/Nahkampf) + Gletscherfragmentierung (Kaltsch√§den/Bereich) = Frostzahnring (physischer Schaden/Erk√§ltung/Nahkampf/Reichweite)
Fenriers Klaue (physischer Schaden/Langstrecke) + Thors Zorn (Blitzschaden/Langstrecke) = Donnerklaue (physischer Schaden/Langstrecke)
 Feuer von Surtel (Feuerschaden/Langstrecke) + Wind (Kaltschaden/Nahkampf) = Hulstum (Feuerschaden/Kaltschaden/Langstrecke/Beschw√∂rung)"
1744475173,596,True,"Mein Rat
1. Stornieren Sie die Grenze von nur einer F√§higkeit pro Spiel
2. F√ºgen Sie weitere Kombinationen aus der Skillsynthese hinzu
3.. Hinzuf√ºgen von Textbeschreibungen zur Illustration der Skillsynthese
4. F√ºgen Sie Runenseite hinzu (Ressourcen k√∂nnen auch verwendet werden, um mehr Runenseiten freizuschalten).
5. Einseitige Runenseiten k√∂nnen Ressourcen ausgeben, um zus√§tzliche Rune-Platzierungsraum hinzuzuf√ºgen
6. F√ºgen Sie One-Click-Funktion oder Multiple-Choice
Mein Rat
1. Entfernen Sie die Einschr√§nkung, dass nur ein F√§higkeitssatz pro Spiel synthetisiert werden kann
2. F√ºgen Sie weitere Kombinationen aus der Skillsynthese hinzu
3.. Textbeschreibungen der F√§higkeitssynthese hinzugef√ºgt, illustriertes Buch
4. F√ºgen Sie Runenseiten hinzu (Sie k√∂nnen auch Ressourcen verwenden, um mehr Runenseiten freizuschalten).
5. Eine einzelne Runenseite kann Ressourcen ausgeben, um den Platz f√ºr Runenplatzierungen zu erh√∂hen
6. F√ºgen Sie One-Click-L√∂schen oder Mehrfachauswahl hinzu, um Runen im Rucksack zu l√∂schen"
1744471380,1470,True,"OK, freue mich auf weitere Inhalte."
1744468772,99,False,"Kaufen Sie es nicht, es ist sehr M√ºll"
1744468480,383,False,"Als ich zum ersten Mal eine schlechte Bewertung des Spiels gab, wurde der Inhalt der √∂ffentlichen Beta vollst√§ndig gelesen, aber die offizielle Version steckte 5 Stunden in der dritten Ebene. Ich m√∂chte fragen, ob der Autor verr√ºckt ist. Jedes Mal, wenn ich das Monster f√ºr 10 Minuten besiegte, war ich unbesiegbar und wurde abgeschafft. Infolgedessen wurde ich vom Chef abgekratzt. Ich steckte fast zwei Stunden lang fest und starb. Ich habe den Wert mit meinen F√º√üen ausgef√ºllt."
1744468463,572,True,"Es ist ziemlich gut, aber ich habe gerade herausgefunden, dass es keine Cloud -Save -Funktion gibt, was f√ºr Spieler, die einen Computer √§ndern m√∂chten, nicht sehr freundlich ist, um weiter zu spielen.
PS: Ich habe gerade das Cloud -Archiv aktualisiert, aber ich habe zuerst einen Computer verwendet, den ich noch nie gespielt hatte, um es zu aktualisieren. Es mag mein Archiv verloren haben. Jetzt bin ich ein wenig in Panik geraten"
1744457031,991,True,"Sehr gut, aber es gibt vorerst ein wenig Inhalt"
1744448280,1050,False,"Alle Genres verlassen sich sehr auf F√§higkeiten, und es ist schwierig, √ºberhaupt Fehler zu machen, aber es gibt nicht viele M√∂glichkeiten, sie zusammenzubringen, sodass die Spa√üfleischtaube sehr unangenehm wird
Die Anleitung ist sehr schlecht. Erst nachdem ich die dritte Stufe gespielt hatte, wusste ich, dass die Dinge, die ich im Rucksack aufgenommen habe, in einen weiteren Rucksack gesteckt werden konnten, um wirksam zu werden.
Es gibt ein Problem mit der F√§higkeit des Chefs, und Sie k√∂nnen auch au√üerhalb der roten Warnung geschlagen werden.
Das Angriffsdesign des Monsters ist unvern√ºnftig, die gesamte lange Angriffsbereich der Fleischtaubenkarte, die rote Warnung vor dem Monster-One-viele-Bildschirm ist voller Rot
Das Ekelhafteste ist, dass einige Chefs mit Sicherheit gewinnen und der sofortige Kill -Mechanismus ist, aber es gibt keine schnellen Informationen und es gibt keine Strategie.
Also habe ich es oft wieder ge√∂ffnet. Nachdem ich in der fr√ºhen Phase Dutzende von Minuten leiden hatte, f√ºhlte ich mich endlich gut. Der Chef kam heraus und lachte zweimal und schickte mich nach Hause. Welche Herausforderung bin ich gekommen und bewertet sie? Weil es 2 Stunden vergeblich verschwendete, hatte ich sogar das Gef√ºhl, dass der Produzent mich bezahlen sollte !!!"
1744447076,522,False,"Sie k√∂nnen sehen, wer die vierte Ebene Ihres B schlagen kann"
1744438039,1002,True,Backpack muss mit Batch -Management -Funktionen und Wachstum im Freien hinzugef√ºgt werden. Es gibt zu wenige Charaktere und viele Fehler. Heute steckt ein Rucksack mit den gleichen legend√§ren Runen.
1744432100,123,False,"War es nicht einig, dass in jeder Sekunde ein wenig Blut verloren geht und 10% des Blutes saugen. Warum also nur Blut, aber kein Blut verlieren?"
1744431673,574,True,"Die seltsame Flut in der sp√§teren Phase ist sehr angenehm, aber es gibt viele Probleme.
1. Es gibt keine Synthesetabelle, ich habe sie selbst aufgelistet:

Wirf Levitan Ax + Wurf Dolch
Ember Ax + Lokis Ver√∂ffentlichung des Films
Riesenzahn + Tornado Slash
Skati Ice Arrow + Gangniel
Batterie + Weltbaumpuls
Erdenriss + Gletscherriss
Fenriels Klaue + Thors Zorn
Das Feuer von Surtel + Wind

2. Die Spezialeffekte k√∂nnen nicht ausgeschaltet oder transparent werden. Der Vollbild in der sp√§teren Stadium ist voller Waffeneffekte. Die F√§higkeit, Monster zu vermeiden, h√§ngt v√∂llig davon ab, sich der R√ºstung zu bewegen und zu widerstehen.
3. Nachdem zu viele Runen gemacht wurden, werden 1-4 Runen fallen gelassen. Das System des laufenden B√ºrsten gilt als nutzlos.
4. Der dritte Charakter ist zu schwach und es ist schwierig, mit Monstern umzugehen, die in den fr√ºhen Stadien hervorstechen.
5. Der Gesamtpegel der drei Zeichen in den letzten 8 Stunden betr√§gt nur Stufe 35. Insgesamt klickte gerade auf einen Charakter, und das Upgrade war zu langsam."
1744389314,714,True,"Es gibt keine Aufforderung zur Super -Martial Arts -Synthese, und das Spiel sollte auf eine Kombination eingestellt werden. Jetzt k√∂nnen Sie ausw√§hlen, welche F√§higkeiten zu verwenden sind. Dar√ºber hinaus gibt es ein Runensystem. K√∂nnen Sie ein anderes Ger√§tesystem erstellen?"
1744387026,1162,True,"Die Fusionsf√§higkeiten sind nicht klar, und das Pixelsymbol ist zu schwer zu erkennen und es ist nicht offensichtlich. Es ist besser, bei der Auswahl eine Eingabeaufforderung direkt zu geben. Es ist sehr notwendig"
1744378969,711,True,Nicht schlecht
1744378730,425,True,Kann die Tabelle der Superweapon -Synthese Text und Bilder anzeigen?Ôºü Mosaic -Bilder sind schwer zu lesen?
1744378459,652,True,"Ich habe es so schnell wie m√∂glich seit dem Test von ""The Fall of Asgard: Origins"" gespielt. Die Spielvolumen ist klein, aber es ist immer noch sehr interessant. Wenn Sie es nicht zu einem Preis von 20 Yuan kaufen k√∂nnen, k√∂nnen Sie es nicht kaufen und k√∂nnen es nicht kaufen.
Es gibt einige Vorschl√§ge f√ºr dieses Spiel:
1. Optimieren Sie die chinesische Sprache, einschlie√ülich, aber nicht beschr√§nkt auf die Beschreibung des Textes im Spiel sowie Erfolge in der Community, Patches, Nachrichten und Anweisungen, die jedes Mal ver√∂ffentlicht wurden.
2. F√ºgen Sie dem Spiel ein Bilderbuch hinzu, f√ºgen Sie eine bestimmte Art der Sortierung in die Runenkonfiguration hinzu, verwenden Sie zus√§tzliche Materialien, um eine spezifische Formqualit√§t zu erstellen, aber zuf√§llige Runen hinzuzuf√ºgen, und f√ºgen Sie die Vorgruppenfunktion hinzu, die gem√§√ü der Wahl des Helden vorgegriffen werden kann.
3. Die 10-min√ºtige Boss-F√§higkeitsbestimmung in der Warner God Realm-Karte ist ungenau und kann auch verletzt werden, wenn sie sich nicht im roten Cursor befindet.
4. Individuelle Beschw√∂rungsf√§higkeiten k√∂nnen nicht zum B√ºrsten von CDs verwendet werden, und nur 1 Vorladung sind erlaubt, wie z.
5. Bitte optimieren Sie das Bilderbuch und geben Sie Anweisungen f√ºr die Super -Kampfkunst -Synthese an und schalten Sie es dann auf und geben Sie eine Aufforderung zur Auswahl der F√§higkeiten.
6. F√ºgen Sie heldenhafte Talentpunkte hinzu, z.
7. Optimieren Sie den Kartenausdruck, die Gegenstandsabf√§lle und die speziellen Richtlinien, erh√∂hen Sie die Anzahl der Magnete angemessen und reduzieren die verbesserten Steine ‚Äã‚Äãerheblich, wenn sie Monster √ºber den visuellen Bereich hinaus t√∂ten.
8. Aktualisierungen beschleunigen, F√§higkeiten optimieren und Karten, Charaktere und Super -Kampfkunst hinzuf√ºgen."
1744362697,914,True,"Das Spiel ist sehr gut, aber ich hoffe, es gibt mehr Charaktere, und ich hoffe auch, dass das Produktionsteam Funktionen hinzuf√ºgt, die Charakterdaten anzeigen k√∂nnen. Jedes Mal, wenn ich Buff ausw√§hle, bin ich verwirrt √ºber die Angriffskraft, die Verteidigung, die Ausweichenrate und andere Dinge."
1744361069,1138,True,"Verschiedene Probleme m√ºssen poliert werden, aber dieser Preis ist es wert."
1744358440,724,False,"EA Stage Eingabeaufforderung Version 0.2
Waffen -Upgrades sind in drei Farben erh√§ltlich, Wei√ü, Blau und Gold, mit der gr√∂√üten Upgrade -Reichweite von Gold. Der Waffen -Upgrade -Inhalt ist eine der Anzahl der Ausl√∂ser, Reichweite, CD, Schaden usw. und nicht alle Upgrades. Geben Sie das erste Bild √ºber, um den Rune-Drop zu entsperren, und klicken Sie auf den I-Key-Rucksack, um es auf das Flag zu r√ºsten. Der rechte Klick der Runenmaus im Rucksack kann zersetzt und in Bannermaterial zerlegt werden. Die Artefaktsynthese verbraucht keine Waffen, und gleichzeitig besetzt das Artefakt den Waffenschlitz nicht. Die Artefaktsynthese kann nur einmal synthetisiert werden. Die Synthesezustand ist, dass zwei Waffen auf Stufe f√ºnf sind. Es gibt Bodenfallen in der dritten Ebene. Der Chef sollte in der 20. Minute der vierten Ebene ein bestimmtes Artefakt synthetisieren, sonst wird er sofort von Odin get√∂tet.
Obwohl es mir sehr gef√§llt, wird es insgesamt nicht empfohlen.
‚ë† Die fr√ºhe Stufe ist die Todesstapel von Charaktererfahrungen, die Erschlie√üung des Bonus von Charakterspielen und die Verbesserung der F√§higkeiten (auf Stufe 5), um die synthetische Illustration freizuschalten. Es ist sehr langweilig und sp√ºrt h√§ufig die Frustration, die durch den Tod gebracht wird. ‚ë° Nach dem Dr√ºcken der Buchstabe -Tastatur gibt es keine detaillierte Schnittstelle f√ºr Zeichenmerkmale, und ich wei√ü nicht, welcher Wert ich jetzt bin. (Aktualisiert ‚ë¢ Roll Point -Aktualisierung ist unregelm√§√üig, und Sie werden keine Artefakte f√ºr Sie hinzuf√ºgen. ‚ë£ Ich wei√ü nicht, was die Farbe der Waffen -Upgrade ist. PURLE GLICH? Chinesische und die Eingabeaufforderung werden mit der rechten Maustaste auf die Zersetzung in den Rucksack angezeigt. Das Monster wird get√∂tet, es wird die Ladeanimation spielen. ‚ë´

Wenn Sie es nicht vollst√§ndig erlebt haben, gibt es m√∂glicherweise einen Fehler, wenden Sie sich bitte an die Realit√§t."
1744355515,344,False,"Der √úberlebende des Pinsels ohne Seelen, Requisiten haben nur Attribute, und das numerische Design in der Site ist unvern√ºnftig"
1744354575,801,True,"Die Betrachtungsoberfl√§che Ihrer Kombinationsf√§higkeiten ist zu abstrakt. Ich verstehe nicht, welche zwei F√§higkeiten da sind"
1744349850,535,True,"Der Schaden h√§ngt haupts√§chlich von Roll Gold -F√§higkeiten und dem Netto des Schicksals ab (es ist bequem, in der fr√ºhen Stufe mit √ºber 20 Bewegungsgeschwindigkeiten zu kratzen). Das Spielerlebnis ist durchschnittlich, die Fertigstellung ist etwas niedrig und in der fr√ºhen Stufe etwas inhaftiert. Dies liegt haupts√§chlich daran, dass es keine Cloud -Speicherndatei gibt, um die Leberpegel auf dem Dampfdeck wiederzugeben. Es ist ein bisschen widerlich. Die Seite der Super -Kampfkunst kann nicht sehen, welche Waffe sie ist (sie muss die Menschen dazu bringen, diese F√§higkeitsikonen zu erkennen, und sie ist klein und sterben)."
1744347895,37,False,Zu schwierig und nicht lustig
1744344303,1071,True,"1. Das Gameplay ist Single, es gibt nur wenige gro√üartige F√§higkeiten, und die Physikabteilung ist weit voraus. Andere Systeme sind entweder V√§ter oder entbehrlich.
2. Der Hexenmeister ist auch ein Bastard. Seine F√§higkeiten k√∂nnen nicht verbessert werden und er kann in der sp√§teren Phase nicht geschlagen werden.
3. Wenn Sie das vierte Level nicht bestehen k√∂nnen, werden Sie den Chef sofort nach dem Ausgehen t√∂ten. Ist es eine Handlung zu t√∂ten? Eine Muschi l√§chelte in die Luft und ich war weg. Nachdem Sie so viele gro√üartige F√§higkeiten erhalten haben, beginnen Sie von vorne. Wann wird die vierte Ebene aktualisiert? Ich m√∂chte nicht mehr spielen."
1744339938,235,True,"Es fehlen noch einige √úbersetzungen, und wir freuen uns auf eine Optimierung. --4.18 Beenden Sie das Spiel oder fehlende √úbersetzung
Es gibt kein Wolkenarchiv, das nicht sehr freundlich ist. --4.18 Aktualisiert! Gut!
Dar√ºber hinaus kann ich die Details der Synthesef√§higkeiten und der Namen nicht lesen. M√∂chten Sie, dass wir uns die Pixelpunkte merken? --4.18 Aktualisiert! Gut!
Weiter optimieren, wann wird es verbessert und wann wird es verbessert. --4.18 Das Entwicklungsteam, das auf Ratschl√§ge h√∂rt! Muss zur√ºck in gute Bewertungen ge√§ndert werden!"
1744326833,268,False,"Sogar die Skillsynthese darf nicht beobachtet werden, wie w√§re es, mit Ihrem Pferd zu spielen"
1744311993,844,True,"Wenn dies erledigt ist, ist es das Bild der fortschrittlichen Waffensynthese. Kann der Name direkt angezeigt werden? Es ist schwierig, das Pixel -Symbol zu erkennen.

Es ist so schwer, in der fr√ºhen Phase Spa√ü zu haben!"
1744310201,343,False,Spezies
1744307197,875,True,"Kann ich das Problem l√∂sen, nicht in der Lage zu sein, die Wolke archivieren zu k√∂nnen?"
1744306552,368,False,"Die J√§ger -Entsperren ist etwas zu schwierig. Der Unterschied zwischen verschiedenen Charakteren ist aufgrund des Geschenksystems des Weltbaums nicht offensichtlich genug. Sie k√∂nnen die Unterschiede im fr√ºhen Stadium sehen, aber nachdem die sp√§tere Konstruktion gebildet wurde, egal welche Rolle zu √§hnlich ist. Es wird empfohlen, dass die F√§higkeiten zwischen verschiedenen Charakteren unterschiedlich sind oder einige Anpassungen auf der Grundlage der Wahrscheinlichkeit des Auftretens von F√§higkeiten vorgenommen werden. Nat√ºrlich ist er als Spieler nat√ºrlich ein wenig gierig und hofft, dass die F√§higkeiten zwischen verschiedenen Charakteren unterschiedlich sein k√∂nnen."
1744298837,832,True,"Ich habe Demo gespielt und alle Levels gespielt. Es gibt mehrere Fragen:
1. Die chinesische Version ist nicht vollst√§ndig und einige Inhalte werden weiterhin in Englisch angezeigt. Obwohl es das Spiel nicht beeinflusst, hoffe ich, es so schnell wie m√∂glich zu vervollst√§ndigen.
2. Der Abschlussgrad ist relativ niedrig. Im Vergleich zur Demo gibt es zwei weitere Karten, und die H√§lfte von ihnen wird nicht freigeschaltet;
3. Kriegsprayfarbe ist zu abh√§ngig vom Gesicht und kann zersetzt und produziert werden, aber die ausgesetzte Kriegspr√ºhfarbe kann nicht weggewaschen werden. Ich hoffe, √§hnliche Funktionen hinzuzuf√ºgen;
4. Das Design ist unangemessen. Zun√§chst muss sich die Charakterentwicklung separat entwickeln und der Upgrade -Prozess muss wiederholt werden. Zweitens k√∂nnen die Kombinationsf√§higkeiten nicht angezeigt werden, nur die Symbole werden angezeigt, was schwer zu identifizieren ist und nicht im Spiel angezeigt werden kann. Auch wenn die Spieler erkunden m√ºssen, m√ºssen sie sich nach der Erkundung selbst daran erinnern. Dieses Design ist sehr unangemessen. Ist der endg√ºltige Chef von Warner God Reich die Handlung t√∂tet? Der Chef kam gerade heraus und t√∂tete mich in voller Blut. Ich bin nur hier, um mich zu schlagen. Ich wei√ü nicht, ob es der Mechanismus ist oder was. Als Vampir -Survivor -Spiel, wenn der Chef nicht get√∂tet werden kann, denke ich, dass dieses Design sehr gescheitert ist.
5. Es gibt einen b√∂sartigen Fehler. Die Wahrscheinlichkeit, dass die Kriegsfarbe an Ihrem K√∂rper nach dem Geben des Levels verschwindet, und es ist mehr als einmal passiert."
1744297701,95,False,"Die aktuelle Version wird nicht empfohlen.

Die Demo scheint ein gro√ües Potenzial zu haben, aber warum ist es der Ansicht, dass der Wert in Bezug auf die offizielle Version rauer ist? Der Wert des Feindes im Spiel ist unangemessen. Wenn Sie kein Gl√ºck haben, werden Sie am Anfang pl√∂tzlich in wenigen Minuten sterben, oder Sie werden unter Kratzen und Krabpfen leiden. Das externe Wachstum scheint wichtiger zu sein, aber Sie erben die Demo -Archive nicht. Das Level und die Runen sind alle wei√ü. Wenn Sie keinen guten Start haben, k√∂nnen Sie keinen guten Start haben. Sie haben die Motivation verloren, weiter zu spielen.

Die n√ºtzlichen F√§higkeiten wurden geschnitten, die Runen sind weniger gesunken, und selbst die Ausgabe des Bildes wurde angesehen, was es zu einem Spiel macht, das wiederholte Ressourcen zum Replizieren erzwangen. Viele der besten Demo -Versionen wurden ver√§ndert, aber es gibt nicht viele offizielle Versionsinhalte, und ich verstehe nicht."
1744296961,624,True,"Ich habe beide Demos schon einmal gespielt. Nachdem ich wahrscheinlich gewusst habe, wie man mit diesen Knoten fummelt, werde ich sie sowieso nicht kratzen.
Ich habe immer noch Erwartungen an das Follow-up, aber wenn Sie sagen, Sie k√∂nnen es f√ºr 25 Yuan verkaufen, wird es f√ºr zwei oder drei Jahre nicht aktualisiert."
1744296096,386,False,"Was f√ºr eine Sache? Der erste Chef, der in der zweiten Ebene einen Bogen und Pfeil nimmt, hat eine Verriegelungskompetenz. Wenn Sie sich bewegen, werden Sie Sie einschlie√üen und Sie werden die F√§higkeit auf jeden Fall gewinnen. Dann sah ich, dass sie es nicht sagen konnten, aber wenn ich mich nicht bewege, w√ºrde ich mich immer noch schlagen. Wie gestalte ich einen Chef? 5 6 Es ist alles so tot. Betrugsspiel"
1744293882,355,True,"Nicht schlecht, spielbar."
1744287036,307,True,"Es macht ziemlich viel Spa√ü, aber ich habe das Gef√ºhl, dass es ein wenig Inhalt in der Konstruktion und Schulung au√üerhalb der Website gibt. Die Karte ist nur 4 Kapitel. Das Rune -Puzzle ist von unbekannter Bedeutung. Ich bin der Meinung, dass die Rune, die erstellt werden kann, nicht sehr n√ºtzlich ist. Wenn Sie leistungsstarke Runen m√∂chten, m√ºssen Sie zur Karte gehen, um sie zu spielen.
Au√üerdem habe ich beim Spielen auf einen b√∂sartigen Fehler gesto√üen, und ich w√ºrde pl√∂tzlich im Spiel stecken bleiben. Nachdem ich das Spiel fortgesetzt hatte, konnten alle Waffen nicht angreifen, was mich fast rot f√ºhlte.
Ich m√∂chte ein Konstruktionsgenre, einen physischen Fluss + blutsaugter Blutegel, der physische Fluss empfehlen, und die unendliche Blutr√ºckgewinnung reicht aus, um zu masturbieren."
1744286635,297,True,"Eine Hand kann nur eine Super -Kampfkunst synthetisieren und erfordert die Kartenanleitung vom goldenen Apfel und des Sammlers. Die Synthesetabelle oder direkte Eingabeaufforderungen sind im Spiel ben√∂tigt. Es ist ein bisschen ein Pinsel f√ºr das B√ºrsten. Es ist auch ziemlich schwierig, nach der Formung zu machen. Es wird langsam verbessert. Insgesamt ist es sehr angenehm zu spielen."
1744286035,854,True,"Angriffsgeschwindigkeit, blutige Rune wird als Familienerbst√ºck verwendet
Nach dem Spiel vermisse ich
Ich dachte, es w√§re meine eigene l√§ssige Demontage
Bis er meine zweite goldene Rune l√∂schte
Ich werde andere Fehler nicht erw√§hnen, alles Vergn√ºgen ü§°"
1744282173,621,True,"Das Spiel ist ziemlich gut, aber es ist sehr aufregend, drau√üen zu wachsen"
1744280822,557,False,"Es erfordert doppelte Geschwindigkeit, abnehmbare Rucksack und das Betrachten der Synthesetabelle im Raum. Es wird vermutet, dass die Schwierigkeit etwas zu hoch ist. Wenn Sie das zweite Dorf treffen, m√∂chten Sie schlafen."
1744277446,1209,False,"Lassen Sie sich nicht von Demo t√§uschen. Die offizielle Version ist nicht so gut wie Demo. Dar√ºber hinaus sind einige F√§higkeitsbeschreibungen problematisch, und es gibt auch Probleme mit dem Urteil von seltsamen Angriffen. Lass dich nicht t√§uschen. Wird der Schleim in der Vulkankarte aus der Urne des Sch√∂pfers Qinma hergestellt? Es ist so schwierig, dass die Angriffsspanne immer noch gro√ü ist und es um den Spieler herum geht.
Schlie√ülich hatte ich Spa√ü, mit einem Rollstuhlturm zu spielen, aber am Ende hatte der Chef es nicht oder hatte besondere Anforderungen. Er flog direkt zu Odin (und gab mir eine Leistung, die von Odin gestoppt wurde) und schlug mich mit Blitz zu Tode."
1744276852,309,True,"Es ist schwierig f√ºr die √úberlebende-Taube, den R√ºcken zu treffen, ohne die F√§higkeit des blutsaugenden Blutegels zu verwenden.
Das N√§hen eines Runensystems ist jedoch ziemlich neu. Es scheint, dass dies das erste Mal ist, dass ich diese Einstellung in der √úberlebensklasse gesehen habe? (Nat√ºrlich kann es sein, dass ich weniger gespielt habe)"
1744272250,55,False,"Es ist ein gutes Spiel, aber Sie k√∂nnen die Synthesetabelle nicht sehen. Es ist schwer auszuprobieren, wenn Sie Ihre F√§higkeiten in verschiedene Attribute unterteilt."
1744261799,256,True,"Es gab fast keine Verst√§rkung und ich habe das erste Level im zweiten Spiel bestanden. Wie viele Lebensmittel gibt es f√ºr diejenigen, die sagen, dass sie 3 Minuten lang nicht √ºberleben k√∂nnen? Es macht ziemlich viel Spa√ü. Nachdem der Krieger aufgestanden war, war Kuku in Sekundenschnelle ein Monster. Er war so gl√ºcklich, dass er die Tiefe des Baus nicht kannte. Ich werde es wieder studieren."
1744251263,191,True,"Das erste Bild steckte fest, sobald es abgeschlossen war, und es gab keine Fortschritte beim erneuten Eintritt in das Spiel, aber 6 Erfolge wurden abgeschlossen. Ist das ein neuer Fehler? Noch kein Wolkenarchiv."
1744234650,606,True,"Die Abschlussrate ist zu niedrig. Es gibt zu wenig Inhalt zum Spielen. Ich habe die Demo gespielt, damit ich sehr schnell mit der offiziellen Version beginnen kann.
Vor√ºbergehend √∂ffnete alle vier Welten und dann betr√§gt das 25. Blutopfer etwa 4einhalb Stunden Prozess. Es ist sehr kurz und ich habe das Gef√ºhl, dass ich noch nicht genug Spa√ü hatte
Ich schien zu sehen, wie der Chef der vierten Welt herauskam. Pl√∂tzlich starb ich? ? ? (Wahrscheinlich noch nicht fertig) Es ist schwer zu bewerten
Es ist sehr gut, nach der Formung zu b√ºrsten, aber es ist √§rgerlich, Dinge auf der Karte zu finden. Ich bef√ºrchte, dass etwas auslaufen wird
Die Requisiten, die zuf√§llig erscheinen, haben eine Zeitlimit. Die Zeit wird verschwinden. Es ist am besten, sie abzuholen, wenn Sie sie sehen. Ich hatte urspr√ºnglich vor, mehr Erfahrung zu nutzen und dann zur√ºckgekommen, um die Requisiten zu essen, die Erfahrung aufnehmen, aber sie verschwanden. .
Schnell aktualisieren. Dieser Inhalt reicht nicht aus, um zu spielen! ! ! ! ! !
‚Äî‚Äî‚Äî‚Äî‚Äî‚Äî‚Äî‚Äî‚Äî‚Äî‚Äî‚Äî‚Äî‚Äî‚Äî‚Äî‚Äî‚Äî‚Äî‚Äî‚Äî‚Äî‚Äî‚Äî‚Äî‚Äî‚Äî‚Äî‚Äî‚Äî‚Äî‚Äî‚Äî‚Äî‚Äî‚Äî‚Äî‚Äî‚Äî‚Äî‚Äî‚Äî‚Äî‚Äî‚Äî‚Äî‚Äî‚Äî‚Äî‚Äî‚Äî‚Äî‚Äî‚Äî‚Äî‚Äî‚Äî‚Äî‚Äî‚Äî‚Äî‚Äî‚Äî‚Äî‚Äî - -
Dies ist ein Schatz, der Fleischtaubenhaut tr√§gt! ! ! ! ! Ich habe Runen im Rucksack. Ich denke, es wird nur in Kombination verwendet. . . . . . . . . ."
1744231966,151,True,Muss noch poliert werden
1744231939,252,True,"Ich hatte wirklich nicht erwartet, dass ich eines Tages ein Fleischtaubenspiel auf Steam sehen konnte. Da der gesamte Charakter zu Beginn nicht freigeschaltet wurde, erhielt ich eine schlechte Bewertung des Fluchens. Ich habe daf√ºr eine gute Bewertung geschrieben.

Es gibt zwei Probleme beim Spielen:
1. Ein Spiel ist 20-30 Minuten, und der Fortschritt kann nicht in der Mitte gerettet werden und geht aus, was sich ein bisschen lang anf√ºhlt
2. Die Skillsynthesetabelle kann nicht im Raum betrachtet werden, und der F√§higkeitsname wird nicht au√üerhalb angezeigt, sodass sie nur mit Screenshots verglichen werden kann, um zu vergleichen, ob sie unvern√ºnftig ist."
1744226809,89,False,Unterscheidet sich das von der Testversion?
1744219790,632,False,"Wir hatten alle Spa√ü, aber gibt es viele Fehler im Boss -Kampf? Es w√§re in Ordnung, wenn die Mittelerde -Valkyrie verschwinden w√ºrde. Schlie√ülich konnte sie abheben und den Frostgiganten schlagen. Nachdem sich der Kopf des Frost -Riesen getrennt hatte, flog sie aus dem Kreis des Feldes und flog aus der Perspektive weg. Ich konnte nicht einmal meinen eigenen B√∂sewicht sehen, also konnte ich mich nur ergeben. Sprachlos"
1744219584,131,True,Ich freue mich auf nachfolgende Updates!
1744216599,26,False,"Ein Narrenspiel, k√∂nnen Sie sterben, wenn Sie f√ºr alle drei Charaktere √∂ffnen? Derjenige, der den Krieger zu Beginn gezwungen hat, w√ºrde sterben"
1744213912,239,True,"Ein sehr kreatives Netz des Schicksals
Es w√§re besser, wenn es mehr M√∂glichkeiten gibt, zu spielen"
1744213904,47,False,"1. Ich ging ins Gef√§ngnis, nachdem ich aufgestanden war, und nachdem ich mehrere Spiele gespielt hatte, kratzte ich es ein bis dreieinhalb Minuten. Wenn ich mich auf feste Routinen verlasse, kann ich es leiten. Wenn ich mich auf zus√§tzliche Boni verlasse, kann ich nur sagen, dass das Ende auf einen Blick gesehen werden kann;
2. Der Abschlussabschluss ist immer noch sehr niedrig. Derzeit sollten es drei Zeichen geben. Jeder Charakter wird separat gest√§rkt (tats√§chlich macht er keinen Sinn und es sind nur ein paar neue Dinge. Es ist ein wiederholter Pinsel). Der Technologiebaum ist relativ kurz. Es hei√üt, dass die Maus f√ºr einige Welten nicht ge√∂ffnet wurde. Die nachfolgenden Funktionen sollten nicht hinzugef√ºgt werden.
3. Ich wei√ü nicht viel dar√ºber, warum das Verh√§ltnis nur als Knoten des Mutes verwendet werden kann. Ich streike Gold und Lila, um Courage -Verbindung zu geben (wenn ich vergesse, was ich es nenne, nenne ich das einfach). Teng Grid. Zu diesem Zeitpunkt f√ºge ich ein Verh√§ltnis zum gespeicherten Netz hinzu, das nicht nur den vorteilhaften Effekt st√§rken kann, sondern auch die Obergrenze erh√∂hen kann. Und wenn Sie nur den Knoten des Mutes verwenden, bedeutet dies, dass ich m√∂glicherweise ""das Netz verschwenden"" oder ""das Netz neben dem Zusammenhang des Mutes"" und die Gitter an den R√§ndern und Ecken nur mit einem einzigen Knoten des Mutes gef√ºllt werden k√∂nnen, der sich unwohl f√ºhlen muss.

Ich erinnere mich immer an eine Sache: Im aktuellen Spielumfeld ist es zu einer wertvollen Branchenethik als Gold als Gold geworden, sodass ich nur sagen kann, dass es vorerst nicht empfohlen wird."
1744213664,876,True,"Es gibt das Gef√ºhl, eine ganze Linie herauszuziehen, die den einfachen Stil der Kartoffelbr√ºder perfekt ausgibt, was so cool ist."
1744213585,42,False,"Ist es falsch f√ºr mich zu spielen? Nachdem ich n -mal gespielt hatte, konnte ich das erste Level nicht bestehen. Ich hatte noch nie ein so schwieriges Vampir -√úberlebendenspiel gespielt. Dieser Schaden wurde dem Soldaten abgekratzt, geschweige denn der Chef schlug den Soldaten erneut.


4.18 Update. Obwohl ich nicht wei√ü, wer diese Community -Belohnung ""Joker"" gegeben hat, herzlichen Gl√ºckwunsch zu diesem Spiel eines der wenigen Spiele, die ich nach dem Erhalten der schlechten Bewertungen nie in die guten Bewertungen ge√§ndert habe."
1744213345,316,True,"Ich habe gerade die Demo gespielt. Die aktuelle Version macht nach dem Spielen in zwei Stunden immer noch sehr viel Spa√ü.
Es wurden viele neue Inhalte hinzugef√ºgt, aber es ist ein bisschen schwierig, Chaowu zu erhalten. Der Hauptgrund ist, dass die Synthesetabelle nicht in Site angezeigt werden kann und der Prop-Name nicht au√üerhalb der Sichtweise angesehen werden kann.
(Es f√ºhrt dazu, dass ich weiterhin mit meinem Telefon fotografiert wird ...)
Ich hoffe, dass die auf der Karte angezeigten Abholproquisiten direkt durch Pfeile auf dem Layout angegeben werden k√∂nnen. Nachdem ich zwei Stunden lang gespielt hatte, habe ich das Gef√ºhl, dass einer meiner Augen nach links und dem anderen nach rechts gehen muss.
Das Entsperren des Au√üenfigurenkenntnisses ist nicht sehr schnell.
Gegenw√§rtig scheint es nur Ansammlung und Zersetzung von Spr√ºhfarbe zu geben. Ich hoffe, es kann in Zukunft eine Synthese erzeugen, daher ist es nicht zu verschwenderisch.
Ich hoffe, ich kann weiter aktualisieren, wenn ich nicht weglaufe"
1744212130,18,True,Die Fertigstellung ist etwas niedrig. Wo ist Ihr Wolkenarchiv?
1744206823,180,True,"Spa√ü, liebe es zu spielen. Aber warum erbe ich nicht die Testversion der Materialien, die ich schon lange durchsucht habe? . . .
Ein weiteres Spiel dauerte zu lange und es dauerte ungef√§hr eine halbe Stunde, um F√§higkeiten und Talente zu w√§hlen."
1744206796,831,True,"Die aktuelle Erfahrung ist arm (der Krieger am Anfang und er hat keine M√∂glichkeit, auf den ersten neun Ebenen die Ausgabe zu erweitern, er hat langsame Monster und er muss mit Gesichtern ausgeben. Das Risiko ist hohe und niedrige Renditen). Das Eissystem ist im Grunde ein Klumpen. Es hat keinen Schaden zu verlangsamen. Es ist noch gef√§hrlicher, den Feind zu verlangsamen. Der erste Chef in der zweiten Ebene hat eine hirnlose F√§higkeit zur Verriegelung und er muss sich hinter dem Stein verstecken. Am Anfang erscheint es nicht im Sichtfeld. Warum sollten Sie au√üerhalb des Sichtfeldes, da es hirnlose Verriegelung gibt, einen Vorablaufbereich einstellen? Es f√ºhrt auch die Menschen in die Irre, der der Ansicht, dass er au√üerhalb der Reichweite sicher ist, und dann wurde er erschossen. Das zweite Mal, als er dar√ºber nachdenkt, ist er zun√§chst nicht im Sichtfeld und der Stein wird an anderer Stelle nicht im Gesicht des Chefs geb√ºrstet). Guten Kerl, ziele dich nahtlos an dich, nur nahtlos
Der im Spiel angegebene Bonus hat derzeit keinen Explosionsschaden oder keine langfristigen Schadensknoten. Sie k√∂nnen nur drau√üen spielen und k√∂nnen andere Genres wie Explosionsstr√∂me nicht spielen.
Wenn Sie zu Beginn zu einem Sch√ºtzen wechseln, wird es nicht so unangenehm sein (der Spieler sollte mit dem Krieger vertraut sein, und der Rest wird vollst√§ndig kultiviert sein, und dann wird der Krieger Herausforderungen anstrengen. Obwohl der Autor der Meinung ist, dass es in der fr√ºhen Phase etwas saftiger ist und die Anf√§nger eine lange Zeit leben, produzieren √úberlebende oft mehr als ihre Gesundheit. Es ist schwierig, in hoher Schwierigkeit zu spielen, ohne Flame -Siphons zu w√§hlen, und es ist zu einfach zu w√§hlen (es wird kalt werden, wenn Sie zu viel spielen), und die grundlegenden Materialien sind zu viel √ºberf√ºllt. Ich hoffe, dass einige Funktionen in Zukunft erzeugt werden k√∂nnen, die die √ºberf√ºllten Materialien konsumieren k√∂nnen (wie Lotterie, Dekorationen oder Anh√§nger usw.).
Obwohl die aktuelle Version nicht ausgereift ist und einige Orte nicht Spa√ü machen, hat der Autor sie gut aktualisiert, das Player -Feedback wurde rechtzeitig verarbeitet und der Update -Plan ist relativ klar. Sie k√∂nnen es kaufen und abwarten und das nachfolgende Update sehen, bevor Sie dar√ºber nachdenken."
